Firm_ID,Year,N_Segments,N_Substantive,N_Verifiable,Has_Verifiable,Has_Soft_Substantive,Has_Symbolic_Only,Verifiable_Share,Mean_Verifiable_Score,Type_V5
000062,2015,1,0,0,0,0,1,0.0,1.0,symbolic
000521,2015,1,0,0,0,0,1,0.0,1.0,symbolic
000619,2015,34,22,7,1,0,0,0.20588235294117646,1.7058823529411764,verifiable
000726,2015,1,1,0,0,1,0,0.0,1.0,soft_substantive
000728,2015,1,0,0,0,0,1,0.0,0.0,symbolic
000755,2015,1,1,0,0,1,0,0.0,1.0,soft_substantive
000850,2015,1,1,0,0,1,0,0.0,2.0,soft_substantive
000861,2015,1,1,0,0,1,0,0.0,2.0,soft_substantive
002018,2015,1,1,0,0,1,0,0.0,1.0,soft_substantive
002047,2015,1,0,0,0,0,1,0.0,2.0,symbolic
002066,2015,1,1,1,1,0,0,1.0,4.0,verifiable
002069,2015,4,3,1,1,0,0,0.25,2.0,verifiable
002089,2015,1,1,0,0,1,0,0.0,0.0,soft_substantive
002091,2015,1,1,0,0,1,0,0.0,2.0,soft_substantive
002092,2015,1,1,0,0,1,0,0.0,2.0,soft_substantive
002184,2015,1,1,0,0,1,0,0.0,2.0,soft_substantive
002221,2015,1,1,0,0,1,0,0.0,1.0,soft_substantive
002345,2015,1,1,0,0,1,0,0.0,2.0,soft_substantive
002376,2015,2,0,0,0,0,1,0.0,0.0,symbolic
002490,2015,1,1,1,1,0,0,1.0,3.0,verifiable
002522,2015,1,1,0,0,1,0,0.0,2.0,soft_substantive
002583,2015,1,0,0,0,0,1,0.0,0.0,symbolic
002786,2015,1,1,0,0,1,0,0.0,2.0,soft_substantive
300024,2015,1,1,0,0,1,0,0.0,2.0,soft_substantive
300031,2015,1,1,0,0,1,0,0.0,2.0,soft_substantive
300082,2015,2,1,1,1,0,0,0.5,2.5,verifiable
300097,2015,2,2,0,0,1,0,0.0,0.5,soft_substantive
300103,2015,1,0,0,0,0,1,0.0,0.0,symbolic
300104,2015,1,1,0,0,1,0,0.0,1.0,soft_substantive
300125,2015,1,1,0,0,1,0,0.0,2.0,soft_substantive
300137,2015,1,1,1,1,0,0,1.0,2.0,verifiable
300166,2015,2,2,0,0,1,0,0.0,1.5,soft_substantive
300309,2015,3,2,2,1,0,0,0.6666666666666666,2.3333333333333335,verifiable
300376,2015,1,0,1,1,0,0,1.0,3.0,verifiable
300378,2015,1,1,0,0,1,0,0.0,1.0,soft_substantive
600063,2015,5,3,0,0,1,0,0.0,1.4,soft_substantive
600143,2015,1,0,0,0,0,1,0.0,1.0,symbolic
600422,2015,1,1,1,1,0,0,1.0,2.0,verifiable
600485,2015,2,1,1,1,0,0,0.5,2.0,verifiable
600497,2015,1,0,0,0,0,1,0.0,1.0,symbolic
600521,2015,1,0,1,1,0,0,1.0,3.0,verifiable
600585,2015,3,2,1,1,0,0,0.3333333333333333,2.6666666666666665,verifiable
600630,2015,7,0,0,0,0,1,0.0,0.7142857142857143,symbolic
600810,2015,1,0,0,0,0,1,0.0,1.0,symbolic
600848,2015,2,1,0,0,1,0,0.0,1.0,soft_substantive
601001,2015,1,1,0,0,1,0,0.0,2.0,soft_substantive
601866,2015,1,0,0,0,0,1,0.0,0.0,symbolic
601988,2015,1,0,1,1,0,0,1.0,2.0,verifiable
603085,2015,1,0,0,0,0,1,0.0,0.0,symbolic
603123,2015,1,0,0,0,0,1,0.0,1.0,symbolic
603167,2015,2,2,0,0,1,0,0.0,3.0,soft_substantive
603199,2015,1,0,0,0,0,1,0.0,1.0,symbolic
000062,2016,1,1,0,0,1,0,0.0,1.0,soft_substantive
000401,2016,2,2,0,0,1,0,0.0,1.0,soft_substantive
000517,2016,1,1,1,1,0,0,1.0,4.0,verifiable
000619,2016,31,16,3,1,0,0,0.0967741935483871,1.2258064516129032,verifiable
000670,2016,1,0,0,0,0,1,0.0,3.0,symbolic
000726,2016,1,1,0,0,1,0,0.0,1.0,soft_substantive
000755,2016,1,1,0,0,1,0,0.0,1.0,soft_substantive
000856,2016,1,0,0,0,0,1,0.0,1.0,symbolic
000861,2016,1,1,0,0,1,0,0.0,2.0,soft_substantive
000898,2016,1,0,0,0,0,1,0.0,0.0,symbolic
000925,2016,1,1,1,1,0,0,1.0,3.0,verifiable
000983,2016,1,1,0,0,1,0,0.0,2.0,soft_substantive
000987,2016,1,0,0,0,0,1,0.0,1.0,symbolic
002011,2016,8,8,0,0,1,0,0.0,1.625,soft_substantive
002066,2016,1,1,0,0,1,0,0.0,2.0,soft_substantive
002069,2016,6,3,3,1,0,0,0.5,2.0,verifiable
002091,2016,2,2,0,0,1,0,0.0,1.5,soft_substantive
002099,2016,2,1,1,1,0,0,0.5,2.0,verifiable
002120,2016,1,0,0,0,0,1,0.0,2.0,symbolic
002252,2016,1,1,1,1,0,0,1.0,4.0,verifiable
002292,2016,1,0,0,0,0,1,0.0,1.0,symbolic
002324,2016,3,1,0,0,1,0,0.0,2.0,soft_substantive
002411,2016,1,1,0,0,1,0,0.0,1.0,soft_substantive
002522,2016,1,1,0,0,1,0,0.0,2.0,soft_substantive
002527,2016,1,0,0,0,0,1,0.0,1.0,symbolic
002530,2016,1,1,0,0,1,0,0.0,3.0,soft_substantive
002656,2016,1,0,1,1,0,0,1.0,3.0,verifiable
300024,2016,1,1,0,0,1,0,0.0,2.0,soft_substantive
300058,2016,1,0,0,0,0,1,0.0,2.0,symbolic
300062,2016,1,1,1,1,0,0,1.0,3.0,verifiable
300068,2016,3,3,1,1,0,0,0.3333333333333333,1.6666666666666667,verifiable
300078,2016,2,0,0,0,0,1,0.0,1.5,symbolic
300103,2016,1,0,1,1,0,0,1.0,2.0,verifiable
300104,2016,1,1,0,0,1,0,0.0,1.0,soft_substantive
300125,2016,1,1,0,0,1,0,0.0,2.0,soft_substantive
300130,2016,1,1,0,0,1,0,0.0,2.0,soft_substantive
300137,2016,1,1,1,1,0,0,1.0,2.0,verifiable
300166,2016,1,1,0,0,1,0,0.0,2.0,soft_substantive
300231,2016,2,0,0,0,0,1,0.0,1.5,symbolic
300259,2016,1,0,0,0,0,1,0.0,0.0,symbolic
300287,2016,1,0,0,0,0,1,0.0,1.0,symbolic
300309,2016,1,0,1,1,0,0,1.0,3.0,verifiable
300349,2016,1,0,0,0,0,1,0.0,1.0,symbolic
300372,2016,1,1,0,0,1,0,0.0,1.0,soft_substantive
300378,2016,2,0,0,0,0,1,0.0,1.5,symbolic
300449,2016,1,1,0,0,1,0,0.0,2.0,soft_substantive
300582,2016,1,0,0,0,0,1,0.0,1.0,symbolic
600063,2016,11,4,2,1,0,0,0.18181818181818182,1.4545454545454546,verifiable
600143,2016,1,0,0,0,0,1,0.0,1.0,symbolic
600182,2016,1,0,0,0,0,1,0.0,1.0,symbolic
600186,2016,1,1,0,0,1,0,0.0,1.0,soft_substantive
600196,2016,1,0,1,1,0,0,1.0,2.0,verifiable
600261,2016,1,0,0,0,0,1,0.0,2.0,symbolic
600318,2016,2,1,0,0,1,0,0.0,1.5,soft_substantive
600395,2016,1,0,0,0,0,1,0.0,2.0,symbolic
600485,2016,5,2,2,1,0,0,0.4,1.6,verifiable
600497,2016,1,0,0,0,0,1,0.0,1.0,symbolic
600585,2016,3,1,1,1,0,0,0.3333333333333333,2.6666666666666665,verifiable
600630,2016,7,0,0,0,0,1,0.0,0.8571428571428571,symbolic
600731,2016,1,1,0,0,1,0,0.0,1.0,soft_substantive
600777,2016,1,0,0,0,0,1,0.0,0.0,symbolic
600783,2016,1,1,1,1,0,0,1.0,3.0,verifiable
600810,2016,1,0,0,0,0,1,0.0,1.0,symbolic
600977,2016,1,0,0,0,0,1,0.0,1.0,symbolic
601016,2016,1,0,0,0,0,1,0.0,0.0,symbolic
601231,2016,1,0,0,0,0,1,0.0,1.0,symbolic
601599,2016,1,1,1,1,0,0,1.0,3.0,verifiable
601717,2016,2,2,0,0,1,0,0.0,1.0,soft_substantive
601992,2016,1,0,0,0,0,1,0.0,0.0,symbolic
603066,2016,1,1,0,0,1,0,0.0,1.0,soft_substantive
603077,2016,1,0,0,0,0,1,0.0,0.0,symbolic
603085,2016,1,0,0,0,0,1,0.0,0.0,symbolic
603199,2016,1,0,0,0,0,1,0.0,1.0,symbolic
603868,2016,2,0,0,0,0,1,0.0,1.0,symbolic
603977,2016,1,1,1,1,0,0,1.0,3.0,verifiable
000333,2017,1,0,0,0,0,1,0.0,1.0,symbolic
000401,2017,1,0,0,0,0,1,0.0,1.0,symbolic
000418,2017,1,1,1,1,0,0,1.0,3.0,verifiable
000619,2017,38,14,7,1,0,0,0.18421052631578946,1.5,verifiable
000726,2017,1,1,0,0,1,0,0.0,1.0,soft_substantive
000796,2017,1,0,0,0,0,1,0.0,3.0,symbolic
000798,2017,1,1,0,0,1,0,0.0,1.0,soft_substantive
000850,2017,1,1,0,0,1,0,0.0,2.0,soft_substantive
000990,2017,2,1,1,1,0,0,0.5,2.0,verifiable
002011,2017,6,6,2,1,0,0,0.3333333333333333,1.6666666666666667,verifiable
002066,2017,1,1,0,0,1,0,0.0,2.0,soft_substantive
002069,2017,5,4,1,1,0,0,0.2,1.8,verifiable
002121,2017,1,1,0,0,1,0,0.0,1.0,soft_substantive
002166,2017,1,1,0,0,1,0,0.0,1.0,soft_substantive
002184,2017,1,1,1,1,0,0,1.0,3.0,verifiable
002221,2017,2,1,1,1,0,0,0.5,2.0,verifiable
002232,2017,1,0,1,1,0,0,1.0,2.0,verifiable
002282,2017,1,0,0,0,0,1,0.0,0.0,symbolic
002291,2017,1,1,1,1,0,0,1.0,3.0,verifiable
002323,2017,2,1,0,0,1,0,0.0,2.0,soft_substantive
002411,2017,1,1,0,0,1,0,0.0,1.0,soft_substantive
002672,2017,1,0,1,1,0,0,1.0,3.0,verifiable
002870,2017,1,1,0,0,1,0,0.0,2.0,soft_substantive
300005,2017,1,0,0,0,0,1,0.0,1.0,symbolic
300024,2017,1,1,0,0,1,0,0.0,2.0,soft_substantive
300057,2017,1,0,0,0,0,1,0.0,0.0,symbolic
300058,2017,1,0,0,0,0,1,0.0,1.0,symbolic
300137,2017,1,1,1,1,0,0,1.0,2.0,verifiable
300206,2017,1,0,0,0,0,1,0.0,0.0,symbolic
300221,2017,3,0,0,0,0,1,0.0,0.6666666666666666,symbolic
300231,2017,1,0,0,0,0,1,0.0,0.0,symbolic
300264,2017,2,0,2,1,0,0,1.0,3.0,verifiable
300274,2017,1,1,1,1,0,0,1.0,3.0,verifiable
300315,2017,1,0,0,0,0,1,0.0,1.0,symbolic
300355,2017,1,0,0,0,0,1,0.0,1.0,symbolic
300378,2017,3,2,0,0,1,0,0.0,2.0,soft_substantive
300482,2017,1,0,0,0,0,1,0.0,1.0,symbolic
300504,2017,1,1,0,0,1,0,0.0,1.0,soft_substantive
300558,2017,1,1,1,1,0,0,1.0,3.0,verifiable
300608,2017,1,1,0,0,1,0,0.0,1.0,soft_substantive
300645,2017,1,1,1,1,0,0,1.0,3.0,verifiable
300677,2017,2,2,1,1,0,0,0.5,2.5,verifiable
300739,2017,1,1,0,0,1,0,0.0,2.0,soft_substantive
600057,2017,1,1,0,0,1,0,0.0,2.0,soft_substantive
600060,2017,1,1,0,0,1,0,0.0,1.0,soft_substantive
600063,2017,10,2,2,1,0,0,0.2,1.4,verifiable
600226,2017,1,1,0,0,1,0,0.0,2.0,soft_substantive
600585,2017,4,1,2,1,0,0,0.5,3.25,verifiable
600630,2017,5,0,1,1,0,0,0.2,1.0,verifiable
600633,2017,1,0,1,1,0,0,1.0,2.0,verifiable
600731,2017,1,1,0,0,1,0,0.0,1.0,soft_substantive
600859,2017,1,1,1,1,0,0,1.0,2.0,verifiable
600978,2017,1,0,1,1,0,0,1.0,3.0,verifiable
600984,2017,2,0,0,0,0,1,0.0,1.0,symbolic
600996,2017,3,0,1,1,0,0,0.3333333333333333,1.6666666666666667,verifiable
601016,2017,1,0,0,0,0,1,0.0,1.0,symbolic
601086,2017,1,1,0,0,1,0,0.0,1.0,soft_substantive
601231,2017,1,0,0,0,0,1,0.0,1.0,symbolic
601566,2017,16,3,0,0,1,0,0.0,1.0,soft_substantive
601992,2017,1,0,0,0,0,1,0.0,0.0,symbolic
603063,2017,1,0,0,0,0,1,0.0,1.0,symbolic
603077,2017,1,0,0,0,0,1,0.0,0.0,symbolic
603085,2017,1,0,0,0,0,1,0.0,0.0,symbolic
603199,2017,1,0,0,0,0,1,0.0,1.0,symbolic
603337,2017,1,1,0,0,1,0,0.0,2.0,soft_substantive
603515,2017,1,1,0,0,1,0,0.0,1.0,soft_substantive
603555,2017,1,0,0,0,0,1,0.0,1.0,symbolic
603636,2017,1,0,0,0,0,1,0.0,0.0,symbolic
603809,2017,1,0,0,0,0,1,0.0,2.0,symbolic
603966,2017,1,1,0,0,1,0,0.0,1.0,soft_substantive
000023,2018,1,1,0,0,1,0,0.0,2.0,soft_substantive
000039,2018,1,0,0,0,0,1,0.0,1.0,symbolic
000401,2018,1,1,0,0,1,0,0.0,1.0,soft_substantive
000516,2018,1,0,0,0,0,1,0.0,0.0,symbolic
000520,2018,1,1,0,0,1,0,0.0,1.0,soft_substantive
000619,2018,50,18,7,1,0,0,0.14,1.26,verifiable
000672,2018,1,0,0,0,0,1,0.0,2.0,symbolic
000798,2018,1,1,0,0,1,0,0.0,1.0,soft_substantive
000829,2018,1,1,0,0,1,0,0.0,3.0,soft_substantive
002011,2018,4,4,0,0,1,0,0.0,0.5,soft_substantive
002044,2018,1,0,0,0,0,1,0.0,2.0,symbolic
002069,2018,7,3,2,1,0,0,0.2857142857142857,1.4285714285714286,verifiable
002115,2018,1,1,1,1,0,0,1.0,4.0,verifiable
002121,2018,2,1,0,0,1,0,0.0,1.0,soft_substantive
002165,2018,1,1,0,0,1,0,0.0,1.0,soft_substantive
002232,2018,1,0,1,1,0,0,1.0,2.0,verifiable
002235,2018,1,1,1,1,0,0,1.0,3.0,verifiable
002279,2018,1,0,0,0,0,1,0.0,1.0,symbolic
002282,2018,1,0,0,0,0,1,0.0,0.0,symbolic
002380,2018,1,1,1,1,0,0,1.0,4.0,verifiable
002411,2018,1,1,0,0,1,0,0.0,1.0,soft_substantive
002421,2018,1,1,1,1,0,0,1.0,2.0,verifiable
002434,2018,1,0,0,0,0,1,0.0,2.0,symbolic
002447,2018,1,0,0,0,0,1,0.0,1.0,symbolic
002544,2018,5,1,0,0,1,0,0.0,1.2,soft_substantive
002591,2018,1,1,0,0,1,0,0.0,2.0,soft_substantive
002599,2018,1,0,0,0,0,1,0.0,1.0,symbolic
002697,2018,1,0,0,0,0,1,0.0,1.0,symbolic
002705,2018,1,1,0,0,1,0,0.0,1.0,soft_substantive
002707,2018,1,0,0,0,0,1,0.0,1.0,symbolic
002870,2018,1,1,0,0,1,0,0.0,2.0,soft_substantive
300005,2018,1,0,0,0,0,1,0.0,2.0,symbolic
300065,2018,1,1,0,0,1,0,0.0,2.0,soft_substantive
300102,2018,1,1,0,0,1,0,0.0,1.0,soft_substantive
300182,2018,1,0,0,0,0,1,0.0,2.0,symbolic
300183,2018,1,1,0,0,1,0,0.0,0.0,soft_substantive
300231,2018,1,0,0,0,0,1,0.0,0.0,symbolic
300259,2018,1,0,0,0,0,1,0.0,1.0,symbolic
300264,2018,1,0,1,1,0,0,1.0,3.0,verifiable
300274,2018,5,2,0,0,1,0,0.0,0.2,soft_substantive
300309,2018,2,0,0,0,0,1,0.0,1.0,symbolic
300310,2018,1,0,1,1,0,0,1.0,3.0,verifiable
300353,2018,1,0,0,0,0,1,0.0,1.0,symbolic
300366,2018,1,1,0,0,1,0,0.0,2.0,soft_substantive
300400,2018,1,1,0,0,1,0,0.0,0.0,soft_substantive
300451,2018,2,2,2,1,0,0,1.0,2.0,verifiable
300472,2018,1,0,0,0,0,1,0.0,2.0,symbolic
300504,2018,1,1,0,0,1,0,0.0,2.0,soft_substantive
300513,2018,1,0,0,0,0,1,0.0,1.0,symbolic
300608,2018,1,1,0,0,1,0,0.0,1.0,soft_substantive
600057,2018,1,1,0,0,1,0,0.0,1.0,soft_substantive
600063,2018,12,5,2,1,0,0,0.16666666666666666,1.5,verifiable
600158,2018,3,1,0,0,1,0,0.0,1.0,soft_substantive
600272,2018,1,0,1,1,0,0,1.0,2.0,verifiable
600289,2018,1,0,0,0,0,1,0.0,1.0,symbolic
600546,2018,1,1,1,1,0,0,1.0,2.0,verifiable
600585,2018,3,2,2,1,0,0,0.6666666666666666,3.3333333333333335,verifiable
600630,2018,4,1,0,0,1,0,0.0,0.75,soft_substantive
600717,2018,1,0,0,0,0,1,0.0,1.0,symbolic
600777,2018,2,2,0,0,1,0,0.0,1.0,soft_substantive
600783,2018,1,1,0,0,1,0,0.0,1.0,soft_substantive
600797,2018,1,0,0,0,0,1,0.0,2.0,symbolic
600816,2018,1,0,0,0,0,1,0.0,0.0,symbolic
600851,2018,1,0,0,0,0,1,0.0,0.0,symbolic
601086,2018,2,2,2,1,0,0,1.0,3.5,verifiable
601231,2018,1,0,0,0,0,1,0.0,1.0,symbolic
601566,2018,11,1,1,1,0,0,0.09090909090909091,0.8181818181818182,verifiable
601992,2018,1,0,0,0,0,1,0.0,0.0,symbolic
603039,2018,1,1,0,0,1,0,0.0,2.0,soft_substantive
603063,2018,1,0,0,0,0,1,0.0,1.0,symbolic
603077,2018,1,0,0,0,0,1,0.0,0.0,symbolic
603100,2018,1,1,0,0,1,0,0.0,2.0,soft_substantive
603108,2018,1,1,1,1,0,0,1.0,3.0,verifiable
603337,2018,1,0,0,0,0,1,0.0,1.0,symbolic
603348,2018,1,1,0,0,1,0,0.0,3.0,soft_substantive
603515,2018,1,0,0,0,0,1,0.0,2.0,symbolic
603860,2018,1,0,0,0,0,1,0.0,1.0,symbolic
603898,2018,1,0,0,0,0,1,0.0,1.0,symbolic
603912,2018,1,0,0,0,0,1,0.0,0.0,symbolic
000001,2019,1,0,0,0,0,1,0.0,3.0,symbolic
000023,2019,1,1,0,0,1,0,0.0,2.0,soft_substantive
000035,2019,1,1,0,0,1,0,0.0,2.0,soft_substantive
000050,2019,1,1,0,0,1,0,0.0,1.0,soft_substantive
000156,2019,1,1,0,0,1,0,0.0,1.0,soft_substantive
000608,2019,1,1,0,0,1,0,0.0,0.0,soft_substantive
000619,2019,43,20,5,1,0,0,0.11627906976744186,1.2093023255813953,verifiable
000672,2019,1,0,0,0,0,1,0.0,2.0,symbolic
000698,2019,1,1,0,0,1,0,0.0,2.0,soft_substantive
000798,2019,1,1,0,0,1,0,0.0,1.0,soft_substantive
000930,2019,1,1,0,0,1,0,0.0,0.0,soft_substantive
000982,2019,1,1,0,0,1,0,0.0,2.0,soft_substantive
002011,2019,1,1,0,0,1,0,0.0,1.0,soft_substantive
002028,2019,1,1,0,0,1,0,0.0,1.0,soft_substantive
002044,2019,1,0,0,0,0,1,0.0,1.0,symbolic
002069,2019,9,6,1,1,0,0,0.1111111111111111,1.5555555555555556,verifiable
002085,2019,1,1,1,1,0,0,1.0,3.0,verifiable
002091,2019,2,0,0,0,0,1,0.0,1.5,symbolic
002165,2019,3,1,0,0,1,0,0.0,1.0,soft_substantive
002191,2019,1,0,0,0,0,1,0.0,1.0,symbolic
002282,2019,1,0,0,0,0,1,0.0,0.0,symbolic
002380,2019,1,1,1,1,0,0,1.0,3.0,verifiable
002409,2019,2,0,0,0,0,1,0.0,1.5,symbolic
002411,2019,1,1,0,0,1,0,0.0,1.0,soft_substantive
002421,2019,1,0,0,0,0,1,0.0,1.0,symbolic
002447,2019,1,0,0,0,0,1,0.0,1.0,symbolic
002530,2019,1,1,1,1,0,0,1.0,2.0,verifiable
002596,2019,1,0,0,0,0,1,0.0,2.0,symbolic
002802,2019,1,1,0,0,1,0,0.0,3.0,soft_substantive
002815,2019,1,0,0,0,0,1,0.0,1.0,symbolic
300002,2019,1,0,0,0,0,1,0.0,1.0,symbolic
300012,2019,2,0,0,0,0,1,0.0,0.5,symbolic
300062,2019,3,2,1,1,0,0,0.3333333333333333,1.6666666666666667,verifiable
300078,2019,1,1,1,1,0,0,1.0,3.0,verifiable
300091,2019,1,0,0,0,0,1,0.0,1.0,symbolic
300109,2019,1,0,0,0,0,1,0.0,1.0,symbolic
300117,2019,1,0,0,0,0,1,0.0,0.0,symbolic
300182,2019,1,0,0,0,0,1,0.0,2.0,symbolic
300183,2019,1,1,0,0,1,0,0.0,0.0,soft_substantive
300202,2019,1,1,0,0,1,0,0.0,2.0,soft_substantive
300212,2019,2,1,1,1,0,0,0.5,1.5,verifiable
300222,2019,1,0,0,0,0,1,0.0,2.0,symbolic
300231,2019,1,0,0,0,0,1,0.0,1.0,symbolic
300248,2019,4,3,2,1,0,0,0.5,2.25,verifiable
300259,2019,3,2,1,1,0,0,0.3333333333333333,2.3333333333333335,verifiable
300270,2019,1,1,1,1,0,0,1.0,3.0,verifiable
300274,2019,2,2,0,0,1,0,0.0,0.0,soft_substantive
300284,2019,2,1,0,0,1,0,0.0,1.5,soft_substantive
300287,2019,1,0,0,0,0,1,0.0,1.0,symbolic
300317,2019,1,0,0,0,0,1,0.0,0.0,symbolic
300384,2019,5,1,1,1,0,0,0.2,2.4,verifiable
300393,2019,1,1,1,1,0,0,1.0,4.0,verifiable
300472,2019,1,0,0,0,0,1,0.0,2.0,symbolic
300531,2019,1,1,1,1,0,0,1.0,2.0,verifiable
300550,2019,1,0,1,1,0,0,1.0,4.0,verifiable
300559,2019,1,1,0,0,1,0,0.0,1.0,soft_substantive
300562,2019,1,1,0,0,1,0,0.0,1.0,soft_substantive
300608,2019,1,0,0,0,0,1,0.0,1.0,symbolic
300712,2019,1,1,0,0,1,0,0.0,0.0,soft_substantive
300731,2019,4,2,0,0,1,0,0.0,0.75,soft_substantive
300796,2019,1,1,0,0,1,0,0.0,2.0,soft_substantive
600021,2019,1,0,0,0,0,1,0.0,2.0,symbolic
600063,2019,13,6,2,1,0,0,0.15384615384615385,1.7692307692307692,verifiable
600076,2019,1,0,0,0,0,1,0.0,1.0,symbolic
600158,2019,4,3,1,1,0,0,0.25,1.25,verifiable
600182,2019,1,1,0,0,1,0,0.0,2.0,soft_substantive
600285,2019,1,0,0,0,0,1,0.0,1.0,symbolic
600630,2019,3,0,0,0,0,1,0.0,0.6666666666666666,symbolic
600816,2019,1,0,0,0,0,1,0.0,0.0,symbolic
600851,2019,1,0,0,0,0,1,0.0,0.0,symbolic
600933,2019,1,0,0,0,0,1,0.0,3.0,symbolic
601016,2019,1,0,0,0,0,1,0.0,0.0,symbolic
601116,2019,1,0,0,0,0,1,0.0,0.0,symbolic
601222,2019,1,1,1,1,0,0,1.0,3.0,verifiable
601231,2019,1,0,0,0,0,1,0.0,1.0,symbolic
601318,2019,2,1,0,0,1,0,0.0,0.5,soft_substantive
601339,2019,1,1,0,0,1,0,0.0,1.0,soft_substantive
601992,2019,1,0,0,0,0,1,0.0,0.0,symbolic
603033,2019,1,0,0,0,0,1,0.0,2.0,symbolic
603039,2019,1,0,1,1,0,0,1.0,4.0,verifiable
603063,2019,1,0,0,0,0,1,0.0,1.0,symbolic
603100,2019,1,1,0,0,1,0,0.0,2.0,soft_substantive
603157,2019,1,0,0,0,0,1,0.0,2.0,symbolic
603178,2019,1,0,0,0,0,1,0.0,0.0,symbolic
603378,2019,1,0,0,0,0,1,0.0,1.0,symbolic
603486,2019,1,0,0,0,0,1,0.0,2.0,symbolic
603611,2019,1,0,0,0,0,1,0.0,0.0,symbolic
603660,2019,1,0,0,0,0,1,0.0,1.0,symbolic
603826,2019,1,0,0,0,0,1,0.0,2.0,symbolic
603839,2019,1,0,0,0,0,1,0.0,1.0,symbolic
603912,2019,1,0,0,0,0,1,0.0,0.0,symbolic
688358,2019,2,0,0,0,0,1,0.0,1.0,symbolic
000023,2020,1,1,0,0,1,0,0.0,1.0,soft_substantive
000035,2020,1,1,0,0,1,0,0.0,2.0,soft_substantive
000058,2020,1,0,0,0,0,1,0.0,1.0,symbolic
000333,2020,5,3,3,1,0,0,0.6,2.2,verifiable
000619,2020,31,20,4,1,0,0,0.12903225806451613,1.5483870967741935,verifiable
000672,2020,2,0,0,0,0,1,0.0,1.0,symbolic
000727,2020,1,0,0,0,0,1,0.0,0.0,symbolic
000798,2020,1,1,0,0,1,0,0.0,1.0,soft_substantive
000912,2020,1,1,0,0,1,0,0.0,2.0,soft_substantive
000923,2020,1,1,0,0,1,0,0.0,2.0,soft_substantive
002011,2020,1,0,0,0,0,1,0.0,1.0,symbolic
002044,2020,1,0,0,0,0,1,0.0,1.0,symbolic
002056,2020,1,0,0,0,0,1,0.0,0.0,symbolic
002065,2020,1,0,0,0,0,1,0.0,2.0,symbolic
002068,2020,1,0,0,0,0,1,0.0,0.0,symbolic
002069,2020,5,4,1,1,0,0,0.2,1.8,verifiable
002179,2020,1,0,0,0,0,1,0.0,0.0,symbolic
002191,2020,1,0,0,0,0,1,0.0,1.0,symbolic
002216,2020,1,0,0,0,0,1,0.0,1.0,symbolic
002227,2020,1,0,0,0,0,1,0.0,2.0,symbolic
002230,2020,1,0,0,0,0,1,0.0,2.0,symbolic
002282,2020,1,0,0,0,0,1,0.0,0.0,symbolic
002285,2020,1,0,0,0,0,1,0.0,1.0,symbolic
002291,2020,4,0,1,1,0,0,0.25,2.0,verifiable
002309,2020,1,1,0,0,1,0,0.0,1.0,soft_substantive
002352,2020,1,0,0,0,0,1,0.0,1.0,symbolic
002367,2020,2,0,0,0,0,1,0.0,0.0,symbolic
002373,2020,2,2,2,1,0,0,1.0,3.0,verifiable
002387,2020,1,0,0,0,0,1,0.0,0.0,symbolic
002389,2020,1,1,0,0,1,0,0.0,1.0,soft_substantive
002405,2020,1,0,0,0,0,1,0.0,2.0,symbolic
002411,2020,1,1,0,0,1,0,0.0,1.0,soft_substantive
002421,2020,2,1,1,1,0,0,0.5,3.0,verifiable
002460,2020,1,0,0,0,0,1,0.0,0.0,symbolic
002461,2020,6,0,0,0,0,1,0.0,0.5,symbolic
002505,2020,1,1,0,0,1,0,0.0,1.0,soft_substantive
002511,2020,3,0,0,0,0,1,0.0,0.0,symbolic
002540,2020,1,1,0,0,1,0,0.0,0.0,soft_substantive
002541,2020,1,0,0,0,0,1,0.0,1.0,symbolic
002555,2020,1,1,0,0,1,0,0.0,2.0,soft_substantive
002556,2020,1,1,0,0,1,0,0.0,0.0,soft_substantive
002654,2020,1,1,1,1,0,0,1.0,2.0,verifiable
002743,2020,1,0,0,0,0,1,0.0,0.0,symbolic
002747,2020,6,2,0,0,1,0,0.0,0.3333333333333333,soft_substantive
002762,2020,1,0,0,0,0,1,0.0,1.0,symbolic
002850,2020,1,0,0,0,0,1,0.0,0.0,symbolic
002858,2020,1,0,0,0,0,1,0.0,1.0,symbolic
002960,2020,2,1,1,1,0,0,0.5,1.5,verifiable
002991,2020,1,0,0,0,0,1,0.0,0.0,symbolic
003005,2020,1,0,1,1,0,0,1.0,2.0,verifiable
300002,2020,2,0,0,0,0,1,0.0,1.5,symbolic
300018,2020,1,1,0,0,1,0,0.0,1.0,soft_substantive
300073,2020,1,0,0,0,0,1,0.0,0.0,symbolic
300078,2020,1,1,1,1,0,0,1.0,3.0,verifiable
300161,2020,1,0,0,0,0,1,0.0,2.0,symbolic
300166,2020,1,1,1,1,0,0,1.0,3.0,verifiable
300170,2020,1,1,1,1,0,0,1.0,2.0,verifiable
300183,2020,1,1,0,0,1,0,0.0,0.0,soft_substantive
300192,2020,1,0,0,0,0,1,0.0,0.0,symbolic
300202,2020,1,1,0,0,1,0,0.0,2.0,soft_substantive
300226,2020,1,0,0,0,0,1,0.0,0.0,symbolic
300228,2020,1,0,0,0,0,1,0.0,2.0,symbolic
300259,2020,1,1,0,0,1,0,0.0,1.0,soft_substantive
300264,2020,1,0,1,1,0,0,1.0,3.0,verifiable
300274,2020,2,2,0,0,1,0,0.0,1.5,soft_substantive
300348,2020,2,0,0,0,0,1,0.0,0.5,symbolic
300359,2020,1,1,0,0,1,0,0.0,1.0,soft_substantive
300384,2020,5,0,2,1,0,0,0.4,2.2,verifiable
300438,2020,1,0,0,0,0,1,0.0,0.0,symbolic
300466,2020,1,1,1,1,0,0,1.0,3.0,verifiable
300550,2020,1,0,1,1,0,0,1.0,4.0,verifiable
300559,2020,3,1,1,1,0,0,0.3333333333333333,1.0,verifiable
300562,2020,2,1,0,0,1,0,0.0,1.5,soft_substantive
300607,2020,3,0,0,0,0,1,0.0,1.3333333333333333,symbolic
300616,2020,1,0,0,0,0,1,0.0,1.0,symbolic
300703,2020,1,0,0,0,0,1,0.0,1.0,symbolic
300712,2020,1,1,0,0,1,0,0.0,1.0,soft_substantive
300768,2020,1,0,0,0,0,1,0.0,1.0,symbolic
300796,2020,1,1,0,0,1,0,0.0,2.0,soft_substantive
300918,2020,1,0,0,0,0,1,0.0,0.0,symbolic
600021,2020,1,0,0,0,0,1,0.0,2.0,symbolic
600037,2020,1,0,1,1,0,0,1.0,2.0,verifiable
600063,2020,16,4,3,1,0,0,0.1875,1.4375,verifiable
600158,2020,1,1,0,0,1,0,0.0,1.0,soft_substantive
600171,2020,1,0,0,0,0,1,0.0,1.0,symbolic
600182,2020,1,1,0,0,1,0,0.0,2.0,soft_substantive
600262,2020,2,2,2,1,0,0,1.0,2.0,verifiable
600326,2020,1,1,0,0,1,0,0.0,1.0,soft_substantive
600383,2020,1,1,0,0,1,0,0.0,1.0,soft_substantive
600585,2020,2,0,0,0,0,1,0.0,1.0,symbolic
600630,2020,4,0,0,0,0,1,0.0,0.75,symbolic
600655,2020,1,0,0,0,0,1,0.0,2.0,symbolic
600783,2020,1,1,1,1,0,0,1.0,3.0,verifiable
600816,2020,1,0,0,0,0,1,0.0,0.0,symbolic
600896,2020,1,0,0,0,0,1,0.0,1.0,symbolic
600900,2020,3,0,0,0,0,1,0.0,0.6666666666666666,symbolic
600909,2020,1,0,0,0,0,1,0.0,0.0,symbolic
601116,2020,1,0,0,0,0,1,0.0,0.0,symbolic
601225,2020,1,0,0,0,0,1,0.0,1.0,symbolic
601339,2020,1,1,0,0,1,0,0.0,1.0,soft_substantive
601601,2020,4,0,0,0,0,1,0.0,0.5,symbolic
601633,2020,2,1,0,0,1,0,0.0,2.0,soft_substantive
601939,2020,1,1,1,1,0,0,1.0,3.0,verifiable
601992,2020,1,0,0,0,0,1,0.0,0.0,symbolic
603033,2020,1,0,0,0,0,1,0.0,2.0,symbolic
603039,2020,1,0,1,1,0,0,1.0,4.0,verifiable
603063,2020,1,0,0,0,0,1,0.0,1.0,symbolic
603378,2020,1,0,0,0,0,1,0.0,0.0,symbolic
603515,2020,1,0,0,0,0,1,0.0,1.0,symbolic
603713,2020,1,0,0,0,0,1,0.0,0.0,symbolic
603848,2020,2,0,1,1,0,0,0.5,1.5,verifiable
603882,2020,1,0,0,0,0,1,0.0,2.0,symbolic
603912,2020,2,0,0,0,0,1,0.0,0.0,symbolic
603967,2020,2,1,0,0,1,0,0.0,1.0,soft_substantive
688015,2020,1,0,0,0,0,1,0.0,1.0,symbolic
688588,2020,1,0,0,0,0,1,0.0,2.0,symbolic
000035,2021,1,1,1,1,0,0,1.0,4.0,verifiable
000050,2021,1,0,0,0,0,1,0.0,1.0,symbolic
000058,2021,1,0,0,0,0,1,0.0,1.0,symbolic
000100,2021,1,0,0,0,0,1,0.0,1.0,symbolic
000333,2021,3,1,2,1,0,0,0.6666666666666666,2.3333333333333335,verifiable
000498,2021,3,0,0,0,0,1,0.0,0.6666666666666666,symbolic
000517,2021,1,1,0,0,1,0,0.0,1.0,soft_substantive
000528,2021,1,0,0,0,0,1,0.0,1.0,symbolic
000551,2021,2,0,0,0,0,1,0.0,1.0,symbolic
000566,2021,1,0,0,0,0,1,0.0,1.0,symbolic
000619,2021,44,25,8,1,0,0,0.18181818181818182,1.3636363636363635,verifiable
000666,2021,1,1,1,1,0,0,1.0,3.0,verifiable
000672,2021,1,0,0,0,0,1,0.0,1.0,symbolic
000755,2021,1,0,0,0,0,1,0.0,1.0,symbolic
000815,2021,1,1,1,1,0,0,1.0,3.0,verifiable
000829,2021,1,1,1,1,0,0,1.0,2.0,verifiable
000888,2021,1,0,0,0,0,1,0.0,0.0,symbolic
000898,2021,2,0,0,0,0,1,0.0,0.0,symbolic
000923,2021,1,1,0,0,1,0,0.0,2.0,soft_substantive
000963,2021,1,1,0,0,1,0,0.0,0.0,soft_substantive
000977,2021,3,1,0,0,1,0,0.0,1.6666666666666667,soft_substantive
001296,2021,2,2,0,0,1,0,0.0,1.0,soft_substantive
001317,2021,1,0,0,0,0,1,0.0,0.0,symbolic
001965,2021,1,0,0,0,0,1,0.0,2.0,symbolic
002001,2021,1,0,0,0,0,1,0.0,0.0,symbolic
002011,2021,1,0,0,0,0,1,0.0,1.0,symbolic
002027,2021,1,1,1,1,0,0,1.0,3.0,verifiable
002069,2021,10,7,1,1,0,0,0.1,1.3,verifiable
002109,2021,1,1,0,0,1,0,0.0,0.0,soft_substantive
002121,2021,1,1,1,1,0,0,1.0,3.0,verifiable
002125,2021,1,0,1,1,0,0,1.0,3.0,verifiable
002139,2021,4,0,0,0,0,1,0.0,0.5,symbolic
002157,2021,1,0,0,0,0,1,0.0,1.0,symbolic
002165,2021,1,1,0,0,1,0,0.0,1.0,soft_substantive
002166,2021,1,1,0,0,1,0,0.0,1.0,soft_substantive
002182,2021,1,0,0,0,0,1,0.0,1.0,symbolic
002183,2021,1,0,0,0,0,1,0.0,0.0,symbolic
002189,2021,1,0,0,0,0,1,0.0,1.0,symbolic
002195,2021,1,1,1,1,0,0,1.0,4.0,verifiable
002230,2021,1,0,0,0,0,1,0.0,2.0,symbolic
002233,2021,1,0,0,0,0,1,0.0,0.0,symbolic
002236,2021,3,1,0,0,1,0,0.0,1.0,soft_substantive
002240,2021,2,2,1,1,0,0,0.5,2.5,verifiable
002250,2021,1,0,0,0,0,1,0.0,1.0,symbolic
002252,2021,1,1,0,0,1,0,0.0,2.0,soft_substantive
002271,2021,2,0,0,0,0,1,0.0,1.5,symbolic
002282,2021,1,0,0,0,0,1,0.0,0.0,symbolic
002284,2021,1,0,0,0,0,1,0.0,1.0,symbolic
002292,2021,1,0,0,0,0,1,0.0,1.0,symbolic
002302,2021,2,0,0,0,0,1,0.0,0.5,symbolic
002312,2021,1,0,0,0,0,1,0.0,1.0,symbolic
002332,2021,2,0,0,0,0,1,0.0,0.5,symbolic
002353,2021,2,0,0,0,0,1,0.0,0.5,symbolic
002373,2021,6,4,3,1,0,0,0.5,2.0,verifiable
002398,2021,1,0,0,0,0,1,0.0,2.0,symbolic
002402,2021,2,0,0,0,0,1,0.0,0.5,symbolic
002411,2021,1,0,0,0,0,1,0.0,0.0,symbolic
002421,2021,1,0,0,0,0,1,0.0,2.0,symbolic
002468,2021,2,1,0,0,1,0,0.0,0.5,soft_substantive
002488,2021,2,0,0,0,0,1,0.0,1.0,symbolic
002511,2021,3,0,0,0,0,1,0.0,0.6666666666666666,symbolic
002555,2021,1,1,0,0,1,0,0.0,1.0,soft_substantive
002556,2021,2,2,0,0,1,0,0.0,0.5,soft_substantive
002563,2021,5,0,1,1,0,0,0.2,0.8,verifiable
002583,2021,1,0,1,1,0,0,1.0,2.0,verifiable
002656,2021,1,1,0,0,1,0,0.0,1.0,soft_substantive
002713,2021,1,1,0,0,1,0,0.0,2.0,soft_substantive
002747,2021,3,0,0,0,0,1,0.0,0.0,symbolic
002802,2021,2,1,0,0,1,0,0.0,1.0,soft_substantive
002833,2021,1,0,0,0,0,1,0.0,1.0,symbolic
002858,2021,3,0,0,0,0,1,0.0,1.0,symbolic
002859,2021,4,0,0,0,0,1,0.0,0.5,symbolic
002867,2021,1,0,0,0,0,1,0.0,1.0,symbolic
002899,2021,1,0,0,0,0,1,0.0,1.0,symbolic
002920,2021,1,0,0,0,0,1,0.0,2.0,symbolic
002922,2021,1,1,0,0,1,0,0.0,1.0,soft_substantive
002940,2021,1,0,0,0,0,1,0.0,1.0,symbolic
002947,2021,2,2,2,1,0,0,1.0,2.5,verifiable
002970,2021,1,0,0,0,0,1,0.0,1.0,symbolic
002980,2021,2,1,1,1,0,0,0.5,2.0,verifiable
003001,2021,1,1,0,0,1,0,0.0,1.0,soft_substantive
300001,2021,2,2,2,1,0,0,1.0,2.0,verifiable
300011,2021,1,0,0,0,0,1,0.0,1.0,symbolic
300020,2021,1,1,0,0,1,0,0.0,2.0,soft_substantive
300031,2021,2,0,0,0,0,1,0.0,1.5,symbolic
300043,2021,1,1,0,0,1,0,0.0,1.0,soft_substantive
300054,2021,1,0,0,0,0,1,0.0,1.0,symbolic
300078,2021,2,0,1,1,0,0,0.5,1.5,verifiable
300098,2021,1,1,1,1,0,0,1.0,2.0,verifiable
300101,2021,1,0,0,0,0,1,0.0,1.0,symbolic
300113,2021,2,2,1,1,0,0,0.5,1.5,verifiable
300115,2021,1,1,0,0,1,0,0.0,2.0,soft_substantive
300123,2021,1,0,0,0,0,1,0.0,2.0,symbolic
300143,2021,2,0,0,0,0,1,0.0,1.0,symbolic
300166,2021,1,1,1,1,0,0,1.0,4.0,verifiable
300211,2021,1,0,0,0,0,1,0.0,1.0,symbolic
300222,2021,1,1,1,1,0,0,1.0,4.0,verifiable
300226,2021,1,1,0,0,1,0,0.0,1.0,soft_substantive
300229,2021,6,3,1,1,0,0,0.16666666666666666,1.5,verifiable
300240,2021,1,0,0,0,0,1,0.0,0.0,symbolic
300259,2021,1,0,0,0,0,1,0.0,1.0,symbolic
300348,2021,2,2,2,1,0,0,1.0,2.5,verifiable
300379,2021,1,0,0,0,0,1,0.0,1.0,symbolic
300384,2021,3,1,1,1,0,0,0.3333333333333333,2.6666666666666665,verifiable
300394,2021,1,0,0,0,0,1,0.0,1.0,symbolic
300441,2021,1,0,0,0,0,1,0.0,2.0,symbolic
300443,2021,1,0,0,0,0,1,0.0,2.0,symbolic
300456,2021,1,0,0,0,0,1,0.0,0.0,symbolic
300513,2021,1,1,0,0,1,0,0.0,1.0,soft_substantive
300550,2021,1,1,1,1,0,0,1.0,3.0,verifiable
300560,2021,1,1,1,1,0,0,1.0,2.0,verifiable
300562,2021,1,0,0,0,0,1,0.0,2.0,symbolic
300564,2021,1,1,0,0,1,0,0.0,1.0,soft_substantive
300567,2021,1,1,0,0,1,0,0.0,2.0,soft_substantive
300571,2021,1,0,0,0,0,1,0.0,1.0,symbolic
300597,2021,1,0,0,0,0,1,0.0,1.0,symbolic
300604,2021,1,1,0,0,1,0,0.0,1.0,soft_substantive
300607,2021,1,0,0,0,0,1,0.0,2.0,symbolic
300610,2021,1,0,0,0,0,1,0.0,0.0,symbolic
300628,2021,1,0,0,0,0,1,0.0,1.0,symbolic
300642,2021,1,0,0,0,0,1,0.0,0.0,symbolic
300663,2021,1,1,0,0,1,0,0.0,1.0,soft_substantive
300670,2021,1,0,0,0,0,1,0.0,2.0,symbolic
300703,2021,4,2,1,1,0,0,0.25,1.75,verifiable
300711,2021,1,0,0,0,0,1,0.0,1.0,symbolic
300712,2021,1,1,0,0,1,0,0.0,1.0,soft_substantive
300762,2021,2,0,0,0,0,1,0.0,1.5,symbolic
300768,2021,1,0,0,0,0,1,0.0,1.0,symbolic
300773,2021,1,0,0,0,0,1,0.0,0.0,symbolic
300796,2021,1,1,1,1,0,0,1.0,3.0,verifiable
300813,2021,1,0,0,0,0,1,0.0,1.0,symbolic
300851,2021,1,0,0,0,0,1,0.0,1.0,symbolic
300873,2021,1,1,0,0,1,0,0.0,1.0,soft_substantive
300894,2021,2,0,0,0,0,1,0.0,0.0,symbolic
300902,2021,2,1,1,1,0,0,0.5,1.5,verifiable
300911,2021,1,0,0,0,0,1,0.0,1.0,symbolic
300918,2021,1,0,0,0,0,1,0.0,0.0,symbolic
300946,2021,1,0,0,0,0,1,0.0,2.0,symbolic
300961,2021,1,0,0,0,0,1,0.0,1.0,symbolic
300968,2021,1,0,0,0,0,1,0.0,0.0,symbolic
300975,2021,1,0,0,0,0,1,0.0,1.0,symbolic
301009,2021,1,1,0,0,1,0,0.0,1.0,soft_substantive
301038,2021,1,0,0,0,0,1,0.0,1.0,symbolic
301080,2021,1,1,0,0,1,0,0.0,1.0,soft_substantive
301085,2021,1,0,0,0,0,1,0.0,2.0,symbolic
301089,2021,1,0,0,0,0,1,0.0,2.0,symbolic
301092,2021,1,1,0,0,1,0,0.0,1.0,soft_substantive
301106,2021,1,0,0,0,0,1,0.0,1.0,symbolic
301110,2021,1,1,1,1,0,0,1.0,2.0,verifiable
301179,2021,1,0,0,0,0,1,0.0,1.0,symbolic
301199,2021,3,0,0,0,0,1,0.0,1.0,symbolic
301200,2021,1,1,1,1,0,0,1.0,3.0,verifiable
430047,2021,1,1,0,0,1,0,0.0,2.0,soft_substantive
430198,2021,1,1,0,0,1,0,0.0,1.0,soft_substantive
600021,2021,1,0,0,0,0,1,0.0,2.0,symbolic
600026,2021,2,0,0,0,0,1,0.0,0.0,symbolic
600036,2021,3,3,2,1,0,0,0.6666666666666666,2.3333333333333335,verifiable
600063,2021,23,6,4,1,0,0,0.17391304347826086,1.434782608695652,verifiable
600158,2021,1,0,0,0,0,1,0.0,2.0,symbolic
600180,2021,1,1,0,0,1,0,0.0,2.0,soft_substantive
600182,2021,1,1,0,0,1,0,0.0,2.0,soft_substantive
600276,2021,1,0,0,0,0,1,0.0,1.0,symbolic
600289,2021,1,0,0,0,0,1,0.0,1.0,symbolic
600326,2021,1,1,0,0,1,0,0.0,1.0,soft_substantive
600525,2021,1,0,0,0,0,1,0.0,1.0,symbolic
600540,2021,1,0,0,0,0,1,0.0,0.0,symbolic
600585,2021,3,1,1,1,0,0,0.3333333333333333,1.6666666666666667,verifiable
600588,2021,1,0,0,0,0,1,0.0,2.0,symbolic
600630,2021,6,0,0,0,0,1,0.0,1.1666666666666667,symbolic
600686,2021,1,0,0,0,0,1,0.0,1.0,symbolic
600756,2021,1,1,0,0,1,0,0.0,2.0,soft_substantive
600816,2021,1,0,0,0,0,1,0.0,0.0,symbolic
600828,2021,1,0,0,0,0,1,0.0,0.0,symbolic
600833,2021,1,0,0,0,0,1,0.0,1.0,symbolic
600927,2021,1,0,0,0,0,1,0.0,0.0,symbolic
600960,2021,1,0,0,0,0,1,0.0,0.0,symbolic
600970,2021,1,0,0,0,0,1,0.0,0.0,symbolic
600998,2021,1,0,0,0,0,1,0.0,1.0,symbolic
601016,2021,1,1,0,0,1,0,0.0,1.0,soft_substantive
601086,2021,1,0,1,1,0,0,1.0,2.0,verifiable
601116,2021,1,0,0,0,0,1,0.0,1.0,symbolic
601225,2021,1,0,0,0,0,1,0.0,1.0,symbolic
601330,2021,1,1,0,0,1,0,0.0,1.0,soft_substantive
601608,2021,2,0,0,0,0,1,0.0,1.5,symbolic
601618,2021,1,0,0,0,0,1,0.0,0.0,symbolic
601633,2021,1,0,0,0,0,1,0.0,1.0,symbolic
601658,2021,1,0,0,0,0,1,0.0,1.0,symbolic
601688,2021,1,0,0,0,0,1,0.0,1.0,symbolic
601828,2021,2,0,0,0,0,1,0.0,1.0,symbolic
601992,2021,1,0,0,0,0,1,0.0,0.0,symbolic
603017,2021,1,0,0,0,0,1,0.0,1.0,symbolic
603033,2021,2,0,0,0,0,1,0.0,1.5,symbolic
603037,2021,1,0,0,0,0,1,0.0,1.0,symbolic
603039,2021,2,0,2,1,0,0,1.0,3.5,verifiable
603063,2021,1,0,0,0,0,1,0.0,1.0,symbolic
603100,2021,1,1,0,0,1,0,0.0,1.0,soft_substantive
603116,2021,1,0,0,0,0,1,0.0,1.0,symbolic
603197,2021,1,0,0,0,0,1,0.0,1.0,symbolic
603333,2021,1,1,0,0,1,0,0.0,0.0,soft_substantive
603357,2021,1,1,0,0,1,0,0.0,0.0,soft_substantive
603378,2021,1,0,0,0,0,1,0.0,0.0,symbolic
603421,2021,1,0,0,0,0,1,0.0,2.0,symbolic
603486,2021,1,0,0,0,0,1,0.0,1.0,symbolic
603515,2021,2,2,1,1,0,0,0.5,2.0,verifiable
603638,2021,1,1,0,0,1,0,0.0,0.0,soft_substantive
603660,2021,1,1,1,1,0,0,1.0,2.0,verifiable
603700,2021,1,0,0,0,0,1,0.0,0.0,symbolic
603713,2021,1,0,0,0,0,1,0.0,2.0,symbolic
603790,2021,2,1,0,0,1,0,0.0,1.0,soft_substantive
603799,2021,1,1,0,0,1,0,0.0,1.0,soft_substantive
603859,2021,1,1,0,0,1,0,0.0,1.0,soft_substantive
603912,2021,2,0,0,0,0,1,0.0,0.0,symbolic
603918,2021,1,0,0,0,0,1,0.0,1.0,symbolic
603967,2021,1,1,0,0,1,0,0.0,1.0,soft_substantive
688001,2021,1,1,0,0,1,0,0.0,1.0,soft_substantive
688009,2021,1,0,0,0,0,1,0.0,1.0,symbolic
688012,2021,1,0,0,0,0,1,0.0,0.0,symbolic
688022,2021,1,1,0,0,1,0,0.0,3.0,soft_substantive
688058,2021,1,1,0,0,1,0,0.0,2.0,soft_substantive
688066,2021,2,2,1,1,0,0,0.5,1.5,verifiable
688075,2021,1,0,0,0,0,1,0.0,2.0,symbolic
688081,2021,1,0,0,0,0,1,0.0,2.0,symbolic
688092,2021,4,0,0,0,0,1,0.0,1.25,symbolic
688110,2021,1,0,0,0,0,1,0.0,2.0,symbolic
688111,2021,1,0,0,0,0,1,0.0,1.0,symbolic
688118,2021,3,1,1,1,0,0,0.3333333333333333,1.6666666666666667,verifiable
688165,2021,2,1,0,0,1,0,0.0,2.0,soft_substantive
688187,2021,1,1,1,1,0,0,1.0,2.0,verifiable
688195,2021,1,0,0,0,0,1,0.0,1.0,symbolic
688200,2021,1,1,0,0,1,0,0.0,2.0,soft_substantive
688234,2021,1,0,0,0,0,1,0.0,0.0,symbolic
688246,2021,1,1,0,0,1,0,0.0,1.0,soft_substantive
688256,2021,1,0,0,0,0,1,0.0,1.0,symbolic
688272,2021,1,1,0,0,1,0,0.0,1.0,soft_substantive
688298,2021,1,0,0,0,0,1,0.0,0.0,symbolic
688305,2021,2,0,0,0,0,1,0.0,0.0,symbolic
688345,2021,1,0,0,0,0,1,0.0,2.0,symbolic
688369,2021,1,0,1,1,0,0,1.0,2.0,verifiable
688383,2021,1,0,0,0,0,1,0.0,1.0,symbolic
688408,2021,4,1,1,1,0,0,0.25,1.0,verifiable
688501,2021,1,1,0,0,1,0,0.0,0.0,soft_substantive
688518,2021,1,0,0,0,0,1,0.0,0.0,symbolic
688521,2021,3,1,0,0,1,0,0.0,0.6666666666666666,soft_substantive
688528,2021,1,1,0,0,1,0,0.0,2.0,soft_substantive
688565,2021,2,0,0,0,0,1,0.0,1.0,symbolic
688588,2021,1,0,0,0,0,1,0.0,1.0,symbolic
688595,2021,3,3,0,0,1,0,0.0,1.0,soft_substantive
688599,2021,1,0,0,0,0,1,0.0,1.0,symbolic
688618,2021,3,2,0,0,1,0,0.0,1.0,soft_substantive
688625,2021,1,1,0,0,1,0,0.0,1.0,soft_substantive
688659,2021,2,0,0,0,0,1,0.0,1.5,symbolic
688667,2021,1,0,0,0,0,1,0.0,1.0,symbolic
688699,2021,1,0,0,0,0,1,0.0,1.0,symbolic
688737,2021,2,0,0,0,0,1,0.0,1.0,symbolic
688793,2021,1,0,0,0,0,1,0.0,1.0,symbolic
689009,2021,1,0,0,0,0,1,0.0,1.0,symbolic
000034,2022,1,1,1,1,0,0,1.0,3.0,verifiable
000049,2022,1,0,0,0,0,1,0.0,1.0,symbolic
000050,2022,2,1,0,0,1,0,0.0,1.0,soft_substantive
000058,2022,1,0,0,0,0,1,0.0,1.0,symbolic
000070,2022,1,1,0,0,1,0,0.0,1.0,soft_substantive
000100,2022,2,1,1,1,0,0,0.5,2.5,verifiable
000158,2022,1,0,0,0,0,1,0.0,1.0,symbolic
000333,2022,4,2,1,1,0,0,0.25,1.5,verifiable
000409,2022,3,3,3,1,0,0,1.0,3.3333333333333335,verifiable
000516,2022,1,0,0,0,0,1,0.0,1.0,symbolic
000551,2022,2,0,0,0,0,1,0.0,1.0,symbolic
000560,2022,1,0,0,0,0,1,0.0,1.0,symbolic
000619,2022,42,25,3,1,0,0,0.07142857142857142,1.1904761904761905,verifiable
000672,2022,1,1,0,0,1,0,0.0,2.0,soft_substantive
000676,2022,34,12,5,1,0,0,0.14705882352941177,1.6470588235294117,verifiable
000681,2022,37,8,3,1,0,0,0.08108108108108109,1.6216216216216217,verifiable
000719,2022,2,0,0,0,0,1,0.0,0.5,symbolic
000736,2022,1,0,0,0,0,1,0.0,1.0,symbolic
000755,2022,1,0,0,0,0,1,0.0,1.0,symbolic
000789,2022,1,1,0,0,1,0,0.0,1.0,soft_substantive
000798,2022,1,1,0,0,1,0,0.0,2.0,soft_substantive
000810,2022,4,1,1,1,0,0,0.25,1.25,verifiable
000811,2022,1,0,0,0,0,1,0.0,0.0,symbolic
000821,2022,1,0,0,0,0,1,0.0,0.0,symbolic
000829,2022,1,0,1,1,0,0,1.0,3.0,verifiable
000875,2022,1,0,0,0,0,1,0.0,1.0,symbolic
000923,2022,1,1,1,1,0,0,1.0,3.0,verifiable
000930,2022,1,1,0,0,1,0,0.0,0.0,soft_substantive
000932,2022,1,0,0,0,0,1,0.0,0.0,symbolic
000997,2022,1,1,1,1,0,0,1.0,2.0,verifiable
001205,2022,2,0,0,0,0,1,0.0,1.0,symbolic
001225,2022,3,0,0,0,0,1,0.0,1.3333333333333333,symbolic
001238,2022,1,0,0,0,0,1,0.0,0.0,symbolic
001256,2022,1,1,0,0,1,0,0.0,0.0,soft_substantive
001309,2022,1,0,0,0,0,1,0.0,1.0,symbolic
001314,2022,3,1,0,0,1,0,0.0,0.6666666666666666,soft_substantive
001317,2022,1,0,0,0,0,1,0.0,0.0,symbolic
001336,2022,1,1,1,1,0,0,1.0,2.0,verifiable
002001,2022,1,0,0,0,0,1,0.0,0.0,symbolic
002011,2022,1,0,0,0,0,1,0.0,1.0,symbolic
002044,2022,1,1,0,0,1,0,0.0,0.0,soft_substantive
002045,2022,8,1,0,0,1,0,0.0,1.25,soft_substantive
002065,2022,6,0,2,1,0,0,0.3333333333333333,1.5,verifiable
002069,2022,10,6,2,1,0,0,0.2,1.2,verifiable
002079,2022,1,1,0,0,1,0,0.0,1.0,soft_substantive
002080,2022,1,0,0,0,0,1,0.0,1.0,symbolic
002085,2022,1,0,0,0,0,1,0.0,1.0,symbolic
002092,2022,1,1,0,0,1,0,0.0,1.0,soft_substantive
002093,2022,1,0,0,0,0,1,0.0,1.0,symbolic
002115,2022,3,0,0,0,0,1,0.0,1.3333333333333333,symbolic
002123,2022,2,1,0,0,1,0,0.0,1.5,soft_substantive
002125,2022,1,0,1,1,0,0,1.0,4.0,verifiable
002131,2022,5,2,0,0,1,0,0.0,1.4,soft_substantive
002148,2022,1,0,0,0,0,1,0.0,1.0,symbolic
002151,2022,1,0,0,0,0,1,0.0,1.0,symbolic
002154,2022,1,0,0,0,0,1,0.0,1.0,symbolic
002156,2022,2,0,0,0,0,1,0.0,0.5,symbolic
002158,2022,1,0,0,0,0,1,0.0,0.0,symbolic
002166,2022,1,1,0,0,1,0,0.0,1.0,soft_substantive
002183,2022,1,0,0,0,0,1,0.0,0.0,symbolic
002189,2022,1,0,0,0,0,1,0.0,1.0,symbolic
002195,2022,3,0,1,1,0,0,0.3333333333333333,2.0,verifiable
002197,2022,2,0,0,0,0,1,0.0,1.0,symbolic
002212,2022,1,0,1,1,0,0,1.0,2.0,verifiable
002230,2022,15,4,4,1,0,0,0.26666666666666666,2.1333333333333333,verifiable
002233,2022,1,0,0,0,0,1,0.0,1.0,symbolic
002236,2022,22,6,12,1,0,0,0.5454545454545454,1.6363636363636365,verifiable
002252,2022,1,1,0,0,1,0,0.0,2.0,soft_substantive
002261,2022,3,0,0,0,0,1,0.0,1.6666666666666667,symbolic
002271,2022,4,3,0,0,1,0,0.0,0.25,soft_substantive
002272,2022,1,0,0,0,0,1,0.0,1.0,symbolic
002273,2022,1,0,0,0,0,1,0.0,1.0,symbolic
002280,2022,2,1,0,0,1,0,0.0,2.0,soft_substantive
002282,2022,1,0,0,0,0,1,0.0,0.0,symbolic
002284,2022,1,0,0,0,0,1,0.0,1.0,symbolic
002291,2022,4,0,1,1,0,0,0.25,1.5,verifiable
002292,2022,4,1,1,1,0,0,0.25,1.75,verifiable
002298,2022,3,0,0,0,0,1,0.0,2.0,symbolic
002319,2022,1,0,0,0,0,1,0.0,1.0,symbolic
002323,2022,4,3,0,0,1,0,0.0,1.75,soft_substantive
002343,2022,2,0,1,1,0,0,0.5,1.5,verifiable
002350,2022,1,0,1,1,0,0,1.0,2.0,verifiable
002354,2022,19,5,2,1,0,0,0.10526315789473684,1.1578947368421053,verifiable
002362,2022,5,0,1,1,0,0,0.2,1.2,verifiable
002372,2022,1,0,0,0,0,1,0.0,1.0,symbolic
002373,2022,8,4,2,1,0,0,0.25,1.5,verifiable
002375,2022,1,0,0,0,0,1,0.0,1.0,symbolic
002398,2022,1,0,0,0,0,1,0.0,2.0,symbolic
002402,2022,3,0,0,0,0,1,0.0,1.0,symbolic
002409,2022,1,0,0,0,0,1,0.0,0.0,symbolic
002410,2022,1,1,0,0,1,0,0.0,1.0,soft_substantive
002415,2022,3,0,3,1,0,0,1.0,2.0,verifiable
002425,2022,1,1,0,0,1,0,0.0,2.0,soft_substantive
002436,2022,3,1,0,0,1,0,0.0,1.3333333333333333,soft_substantive
002438,2022,1,0,0,0,0,1,0.0,0.0,symbolic
002439,2022,2,0,0,0,0,1,0.0,1.5,symbolic
002446,2022,1,0,1,1,0,0,1.0,2.0,verifiable
002452,2022,1,0,0,0,0,1,0.0,1.0,symbolic
002463,2022,1,0,1,1,0,0,1.0,3.0,verifiable
002467,2022,1,1,0,0,1,0,0.0,1.0,soft_substantive
002475,2022,2,0,1,1,0,0,0.5,1.5,verifiable
002517,2022,4,0,0,0,0,1,0.0,0.5,symbolic
002518,2022,1,1,0,0,1,0,0.0,2.0,soft_substantive
002530,2022,1,0,0,0,0,1,0.0,3.0,symbolic
002556,2022,1,0,0,0,0,1,0.0,1.0,symbolic
002558,2022,6,1,0,0,1,0,0.0,1.5,soft_substantive
002585,2022,2,0,0,0,0,1,0.0,0.5,symbolic
002599,2022,2,0,0,0,0,1,0.0,1.0,symbolic
002602,2022,3,0,1,1,0,0,0.3333333333333333,1.0,verifiable
002612,2022,1,0,0,0,0,1,0.0,0.0,symbolic
002624,2022,4,1,0,0,1,0,0.0,1.0,soft_substantive
002642,2022,1,0,0,0,0,1,0.0,2.0,symbolic
002643,2022,1,0,0,0,0,1,0.0,1.0,symbolic
002649,2022,1,0,0,0,0,1,0.0,2.0,symbolic
002657,2022,3,0,0,0,0,1,0.0,1.6666666666666667,symbolic
002677,2022,1,0,0,0,0,1,0.0,1.0,symbolic
002681,2022,5,0,0,0,0,1,0.0,1.4,symbolic
002698,2022,1,0,0,0,0,1,0.0,1.0,symbolic
002734,2022,2,0,0,0,0,1,0.0,1.5,symbolic
002738,2022,1,0,0,0,0,1,0.0,2.0,symbolic
002745,2022,1,0,0,0,0,1,0.0,1.0,symbolic
002756,2022,1,0,0,0,0,1,0.0,2.0,symbolic
002757,2022,1,0,0,0,0,1,0.0,0.0,symbolic
002774,2022,1,0,0,0,0,1,0.0,0.0,symbolic
002802,2022,2,1,0,0,1,0,0.0,1.0,soft_substantive
002803,2022,6,5,3,1,0,0,0.5,2.0,verifiable
002833,2022,1,0,0,0,0,1,0.0,1.0,symbolic
002851,2022,3,0,0,0,0,1,0.0,1.0,symbolic
002858,2022,6,0,0,0,0,1,0.0,0.6666666666666666,symbolic
002859,2022,1,0,0,0,0,1,0.0,0.0,symbolic
002867,2022,1,0,0,0,0,1,0.0,1.0,symbolic
002878,2022,7,2,0,0,1,0,0.0,1.2857142857142858,soft_substantive
002881,2022,2,0,0,0,0,1,0.0,1.0,symbolic
002887,2022,1,0,0,0,0,1,0.0,0.0,symbolic
002889,2022,1,0,0,0,0,1,0.0,1.0,symbolic
002899,2022,2,0,0,0,0,1,0.0,1.0,symbolic
002906,2022,1,1,1,1,0,0,1.0,3.0,verifiable
002908,2022,1,0,0,0,0,1,0.0,1.0,symbolic
002913,2022,2,0,0,0,0,1,0.0,1.5,symbolic
002920,2022,2,0,0,0,0,1,0.0,1.5,symbolic
002929,2022,1,0,0,0,0,1,0.0,2.0,symbolic
002937,2022,1,0,0,0,0,1,0.0,1.0,symbolic
002938,2022,2,0,0,0,0,1,0.0,1.5,symbolic
002942,2022,1,0,0,0,0,1,0.0,1.0,symbolic
002945,2022,1,0,0,0,0,1,0.0,2.0,symbolic
002949,2022,1,0,0,0,0,1,0.0,1.0,symbolic
002970,2022,1,0,0,0,0,1,0.0,2.0,symbolic
002975,2022,1,1,1,1,0,0,1.0,4.0,verifiable
002980,2022,1,0,1,1,0,0,1.0,2.0,verifiable
002993,2022,2,0,0,0,0,1,0.0,1.0,symbolic
002995,2022,12,1,3,1,0,0,0.25,1.6666666666666667,verifiable
003001,2022,1,1,0,0,1,0,0.0,1.0,soft_substantive
003004,2022,2,0,0,0,0,1,0.0,1.0,symbolic
003005,2022,7,1,0,0,1,0,0.0,1.1428571428571428,soft_substantive
003010,2022,2,1,0,0,1,0,0.0,2.5,soft_substantive
003016,2022,2,1,0,0,1,0,0.0,1.5,soft_substantive
300001,2022,1,1,1,1,0,0,1.0,2.0,verifiable
300002,2022,3,0,0,0,0,1,0.0,0.6666666666666666,symbolic
300011,2022,1,0,0,0,0,1,0.0,1.0,symbolic
300013,2022,1,0,0,0,0,1,0.0,1.0,symbolic
300015,2022,1,1,1,1,0,0,1.0,3.0,verifiable
300017,2022,1,0,0,0,0,1,0.0,1.0,symbolic
300019,2022,1,0,0,0,0,1,0.0,1.0,symbolic
300020,2022,1,1,1,1,0,0,1.0,3.0,verifiable
300031,2022,6,2,0,0,1,0,0.0,1.0,soft_substantive
300033,2022,6,0,0,0,0,1,0.0,1.3333333333333333,symbolic
300036,2022,1,0,0,0,0,1,0.0,2.0,symbolic
300037,2022,1,0,0,0,0,1,0.0,1.0,symbolic
300043,2022,5,2,0,0,1,0,0.0,1.0,soft_substantive
300047,2022,1,0,0,0,0,1,0.0,3.0,symbolic
300052,2022,2,1,1,1,0,0,0.5,1.5,verifiable
300058,2022,8,1,3,1,0,0,0.375,1.875,verifiable
300059,2022,1,0,0,0,0,1,0.0,0.0,symbolic
300061,2022,1,0,0,0,0,1,0.0,1.0,symbolic
300063,2022,5,1,0,0,1,0,0.0,1.8,soft_substantive
300065,2022,1,0,0,0,0,1,0.0,1.0,symbolic
300068,2022,1,0,0,0,0,1,0.0,1.0,symbolic
300078,2022,1,0,1,1,0,0,1.0,2.0,verifiable
300079,2022,3,0,0,0,0,1,0.0,1.0,symbolic
300081,2022,5,3,0,0,1,0,0.0,0.8,soft_substantive
300113,2022,6,6,2,1,0,0,0.3333333333333333,1.5,verifiable
300123,2022,1,0,0,0,0,1,0.0,2.0,symbolic
300133,2022,3,1,0,0,1,0,0.0,0.6666666666666666,soft_substantive
300134,2022,2,1,0,0,1,0,0.0,1.5,soft_substantive
300153,2022,1,0,0,0,0,1,0.0,1.0,symbolic
300166,2022,9,2,2,1,0,0,0.2222222222222222,1.7777777777777777,verifiable
300168,2022,1,1,0,0,1,0,0.0,1.0,soft_substantive
300170,2022,2,0,0,0,0,1,0.0,2.0,symbolic
300182,2022,7,2,2,1,0,0,0.2857142857142857,1.2857142857142858,verifiable
300188,2022,2,1,0,0,1,0,0.0,1.5,soft_substantive
300212,2022,2,0,0,0,0,1,0.0,1.0,symbolic
300226,2022,5,5,0,0,1,0,0.0,1.2,soft_substantive
300229,2022,41,7,6,1,0,0,0.14634146341463414,1.2682926829268293,verifiable
300235,2022,2,1,0,0,1,0,0.0,1.5,soft_substantive
300249,2022,1,0,0,0,0,1,0.0,1.0,symbolic
300253,2022,1,0,0,0,0,1,0.0,1.0,symbolic
300259,2022,1,0,0,0,0,1,0.0,1.0,symbolic
300260,2022,2,0,0,0,0,1,0.0,0.5,symbolic
300264,2022,2,0,0,0,0,1,0.0,2.5,symbolic
300271,2022,3,1,0,0,1,0,0.0,1.3333333333333333,soft_substantive
300275,2022,1,0,0,0,0,1,0.0,2.0,symbolic
300276,2022,1,1,0,0,1,0,0.0,1.0,soft_substantive
300288,2022,1,1,0,0,1,0,0.0,2.0,soft_substantive
300291,2022,7,3,0,0,1,0,0.0,0.2857142857142857,soft_substantive
300292,2022,1,1,0,0,1,0,0.0,2.0,soft_substantive
300296,2022,1,0,0,0,0,1,0.0,1.0,symbolic
300297,2022,1,0,0,0,0,1,0.0,1.0,symbolic
300299,2022,2,1,0,0,1,0,0.0,0.0,soft_substantive
300302,2022,2,0,1,1,0,0,0.5,1.5,verifiable
300308,2022,2,1,0,0,1,0,0.0,1.5,soft_substantive
300311,2022,2,0,0,0,0,1,0.0,0.5,symbolic
300315,2022,4,4,0,0,1,0,0.0,2.0,soft_substantive
300339,2022,1,0,0,0,0,1,0.0,0.0,symbolic
300341,2022,1,0,0,0,0,1,0.0,1.0,symbolic
300348,2022,2,1,0,0,1,0,0.0,2.0,soft_substantive
300352,2022,2,0,0,0,0,1,0.0,2.0,symbolic
300353,2022,1,0,0,0,0,1,0.0,1.0,symbolic
300364,2022,6,0,0,0,0,1,0.0,0.3333333333333333,symbolic
300365,2022,4,0,0,0,0,1,0.0,1.25,symbolic
300366,2022,4,2,2,1,0,0,0.5,2.0,verifiable
300369,2022,3,2,0,0,1,0,0.0,1.6666666666666667,soft_substantive
300379,2022,4,1,0,0,1,0,0.0,1.25,soft_substantive
300380,2022,3,1,0,0,1,0,0.0,2.0,soft_substantive
300383,2022,5,1,0,0,1,0,0.0,1.4,soft_substantive
300384,2022,8,3,1,1,0,0,0.125,2.125,verifiable
300386,2022,1,0,0,0,0,1,0.0,1.0,symbolic
300393,2022,1,1,0,0,1,0,0.0,2.0,soft_substantive
300394,2022,1,0,0,0,0,1,0.0,0.0,symbolic
300397,2022,2,1,0,0,1,0,0.0,1.0,soft_substantive
300407,2022,1,0,0,0,0,1,0.0,1.0,symbolic
300413,2022,5,0,0,0,0,1,0.0,0.8,symbolic
300418,2022,14,3,0,0,1,0,0.0,0.7857142857142857,soft_substantive
300422,2022,1,1,1,1,0,0,1.0,4.0,verifiable
300426,2022,2,1,1,1,0,0,0.5,1.5,verifiable
300441,2022,1,0,0,0,0,1,0.0,2.0,symbolic
300442,2022,6,0,1,1,0,0,0.16666666666666666,1.5,verifiable
300448,2022,4,1,0,0,1,0,0.0,0.75,soft_substantive
300451,2022,5,1,0,0,1,0,0.0,1.4,soft_substantive
300458,2022,2,0,0,0,0,1,0.0,1.0,symbolic
300459,2022,10,2,0,0,1,0,0.0,1.1,soft_substantive
300467,2022,1,0,0,0,0,1,0.0,1.0,symbolic
300476,2022,1,0,0,0,0,1,0.0,1.0,symbolic
300486,2022,3,0,2,1,0,0,0.6666666666666666,1.6666666666666667,verifiable
300493,2022,1,0,0,0,0,1,0.0,1.0,symbolic
300494,2022,2,0,0,0,0,1,0.0,0.5,symbolic
300496,2022,8,1,0,0,1,0,0.0,1.375,soft_substantive
300500,2022,1,0,0,0,0,1,0.0,2.0,symbolic
300513,2022,1,1,0,0,1,0,0.0,1.0,soft_substantive
300515,2022,1,1,0,0,1,0,0.0,1.0,soft_substantive
300520,2022,5,0,0,0,0,1,0.0,1.0,symbolic
300541,2022,1,0,0,0,0,1,0.0,2.0,symbolic
300542,2022,5,2,3,1,0,0,0.6,2.4,verifiable
300550,2022,1,1,1,1,0,0,1.0,3.0,verifiable
300551,2022,2,0,0,0,0,1,0.0,1.5,symbolic
300556,2022,3,0,0,0,0,1,0.0,1.3333333333333333,symbolic
300559,2022,1,0,0,0,0,1,0.0,0.0,symbolic
300562,2022,1,0,0,0,0,1,0.0,2.0,symbolic
300564,2022,1,0,0,0,0,1,0.0,1.0,symbolic
300567,2022,1,1,0,0,1,0,0.0,2.0,soft_substantive
300571,2022,7,2,0,0,1,0,0.0,0.42857142857142855,soft_substantive
300578,2022,11,2,4,1,0,0,0.36363636363636365,1.3636363636363635,verifiable
300591,2022,1,0,0,0,0,1,0.0,1.0,symbolic
300596,2022,1,0,0,0,0,1,0.0,0.0,symbolic
300597,2022,1,0,0,0,0,1,0.0,1.0,symbolic
300603,2022,1,0,0,0,0,1,0.0,1.0,symbolic
300604,2022,1,1,0,0,1,0,0.0,1.0,soft_substantive
300607,2022,1,0,0,0,0,1,0.0,0.0,symbolic
300608,2022,6,2,2,1,0,0,0.3333333333333333,1.3333333333333333,verifiable
300610,2022,1,0,0,0,0,1,0.0,0.0,symbolic
300612,2022,3,2,0,0,1,0,0.0,1.6666666666666667,soft_substantive
300613,2022,1,0,0,0,0,1,0.0,2.0,symbolic
300616,2022,1,1,0,0,1,0,0.0,1.0,soft_substantive
300620,2022,2,0,0,0,0,1,0.0,0.5,symbolic
300624,2022,13,6,4,1,0,0,0.3076923076923077,1.5384615384615385,verifiable
300628,2022,1,0,0,0,0,1,0.0,1.0,symbolic
300632,2022,2,0,0,0,0,1,0.0,1.0,symbolic
300634,2022,14,4,1,1,0,0,0.07142857142857142,1.5,verifiable
300636,2022,1,1,0,0,1,0,0.0,1.0,soft_substantive
300654,2022,2,0,1,1,0,0,0.5,1.5,verifiable
300657,2022,1,0,0,0,0,1,0.0,1.0,symbolic
300663,2022,6,0,0,0,0,1,0.0,1.0,symbolic
300674,2022,2,0,0,0,0,1,0.0,1.0,symbolic
300681,2022,1,1,0,0,1,0,0.0,1.0,soft_substantive
300684,2022,2,1,0,0,1,0,0.0,2.0,soft_substantive
300687,2022,1,0,1,1,0,0,1.0,2.0,verifiable
300703,2022,4,2,1,1,0,0,0.25,2.0,verifiable
300723,2022,1,0,0,0,0,1,0.0,0.0,symbolic
300730,2022,1,1,0,0,1,0,0.0,1.0,soft_substantive
300738,2022,4,2,0,0,1,0,0.0,1.75,soft_substantive
300751,2022,1,0,0,0,0,1,0.0,1.0,symbolic
300757,2022,1,0,0,0,0,1,0.0,1.0,symbolic
300766,2022,2,0,2,1,0,0,1.0,2.0,verifiable
300770,2022,4,0,0,0,0,1,0.0,0.75,symbolic
300773,2022,3,1,1,1,0,0,0.3333333333333333,1.3333333333333333,verifiable
300774,2022,1,1,0,0,1,0,0.0,1.0,soft_substantive
300778,2022,1,0,0,0,0,1,0.0,1.0,symbolic
300781,2022,9,1,3,1,0,0,0.3333333333333333,2.0,verifiable
300785,2022,7,0,2,1,0,0,0.2857142857142857,1.7142857142857142,verifiable
300788,2022,3,1,0,0,1,0,0.0,0.6666666666666666,soft_substantive
300792,2022,1,0,0,0,0,1,0.0,1.0,symbolic
300793,2022,1,0,0,0,0,1,0.0,1.0,symbolic
300796,2022,1,1,0,0,1,0,0.0,2.0,soft_substantive
300799,2022,2,2,0,0,1,0,0.0,1.0,soft_substantive
300812,2022,1,0,0,0,0,1,0.0,1.0,symbolic
300813,2022,1,0,0,0,0,1,0.0,1.0,symbolic
300825,2022,3,1,1,1,0,0,0.3333333333333333,1.6666666666666667,verifiable
300827,2022,1,1,0,0,1,0,0.0,1.0,soft_substantive
300830,2022,4,1,0,0,1,0,0.0,1.75,soft_substantive
300837,2022,1,1,0,0,1,0,0.0,1.0,soft_substantive
300846,2022,4,1,1,1,0,0,0.25,1.5,verifiable
300851,2022,1,0,0,0,0,1,0.0,1.0,symbolic
300852,2022,1,0,0,0,0,1,0.0,1.0,symbolic
300853,2022,1,0,0,0,0,1,0.0,1.0,symbolic
300857,2022,1,0,0,0,0,1,0.0,2.0,symbolic
300872,2022,1,0,0,0,0,1,0.0,1.0,symbolic
300873,2022,2,0,0,0,0,1,0.0,1.0,symbolic
300884,2022,2,0,2,1,0,0,1.0,2.0,verifiable
300902,2022,2,0,0,0,0,1,0.0,0.5,symbolic
300903,2022,1,0,0,0,0,1,0.0,0.0,symbolic
300911,2022,1,0,0,0,0,1,0.0,1.0,symbolic
300913,2022,2,0,0,0,0,1,0.0,1.5,symbolic
300918,2022,2,1,1,1,0,0,0.5,1.5,verifiable
300925,2022,1,0,0,0,0,1,0.0,1.0,symbolic
300926,2022,1,0,0,0,0,1,0.0,1.0,symbolic
300941,2022,1,1,1,1,0,0,1.0,3.0,verifiable
300946,2022,1,0,0,0,0,1,0.0,2.0,symbolic
300949,2022,9,3,0,0,1,0,0.0,0.6666666666666666,soft_substantive
300964,2022,1,1,0,0,1,0,0.0,1.0,soft_substantive
300968,2022,3,0,0,0,0,1,0.0,1.0,symbolic
300986,2022,1,0,0,0,0,1,0.0,1.0,symbolic
300989,2022,8,1,1,1,0,0,0.125,1.125,verifiable
300990,2022,1,0,0,0,0,1,0.0,1.0,symbolic
301001,2022,1,0,0,0,0,1,0.0,2.0,symbolic
301011,2022,1,0,0,0,0,1,0.0,1.0,symbolic
301018,2022,1,1,0,0,1,0,0.0,1.0,soft_substantive
301024,2022,1,0,0,0,0,1,0.0,0.0,symbolic
301041,2022,1,0,0,0,0,1,0.0,1.0,symbolic
301060,2022,1,0,0,0,0,1,0.0,2.0,symbolic
301066,2022,1,0,0,0,0,1,0.0,2.0,symbolic
301080,2022,1,1,0,0,1,0,0.0,1.0,soft_substantive
301085,2022,6,1,1,1,0,0,0.16666666666666666,1.5,verifiable
301089,2022,1,0,0,0,0,1,0.0,2.0,symbolic
301092,2022,1,1,0,0,1,0,0.0,1.0,soft_substantive
301106,2022,1,1,0,0,1,0,0.0,1.0,soft_substantive
301123,2022,2,1,0,0,1,0,0.0,1.5,soft_substantive
301159,2022,1,1,1,1,0,0,1.0,3.0,verifiable
301169,2022,4,0,2,1,0,0,0.5,1.5,verifiable
301171,2022,3,0,0,0,0,1,0.0,1.0,symbolic
301185,2022,1,0,0,0,0,1,0.0,2.0,symbolic
301199,2022,1,0,0,0,0,1,0.0,1.0,symbolic
301200,2022,1,1,0,0,1,0,0.0,2.0,soft_substantive
301221,2022,1,0,0,0,0,1,0.0,1.0,symbolic
301230,2022,1,0,1,1,0,0,1.0,2.0,verifiable
301236,2022,4,2,2,1,0,0,0.5,2.75,verifiable
301270,2022,2,1,2,1,0,0,1.0,2.5,verifiable
301288,2022,1,0,0,0,0,1,0.0,2.0,symbolic
301299,2022,1,1,0,0,1,0,0.0,1.0,soft_substantive
301313,2022,1,0,0,0,0,1,0.0,1.0,symbolic
301316,2022,4,0,0,0,0,1,0.0,1.25,symbolic
301328,2022,1,0,0,0,0,1,0.0,1.0,symbolic
301330,2022,7,2,2,1,0,0,0.2857142857142857,1.8571428571428572,verifiable
301338,2022,1,0,0,0,0,1,0.0,1.0,symbolic
301378,2022,1,0,0,0,0,1,0.0,1.0,symbolic
430047,2022,1,1,0,0,1,0,0.0,0.0,soft_substantive
430198,2022,1,1,0,0,1,0,0.0,1.0,soft_substantive
600018,2022,1,0,0,0,0,1,0.0,0.0,symbolic
600021,2022,1,0,0,0,0,1,0.0,2.0,symbolic
600036,2022,1,1,1,1,0,0,1.0,3.0,verifiable
600050,2022,1,0,0,0,0,1,0.0,1.0,symbolic
600060,2022,3,2,0,0,1,0,0.0,1.0,soft_substantive
600063,2022,29,8,5,1,0,0,0.1724137931034483,1.5172413793103448,verifiable
600088,2022,1,0,0,0,0,1,0.0,1.0,symbolic
600100,2022,1,0,0,0,0,1,0.0,1.0,symbolic
600104,2022,1,0,0,0,0,1,0.0,1.0,symbolic
600109,2022,1,0,1,1,0,0,1.0,2.0,verifiable
600180,2022,1,1,0,0,1,0,0.0,2.0,soft_substantive
600182,2022,1,1,0,0,1,0,0.0,3.0,soft_substantive
600225,2022,1,0,0,0,0,1,0.0,1.0,symbolic
600229,2022,2,0,0,0,0,1,0.0,1.0,symbolic
600261,2022,1,0,0,0,0,1,0.0,1.0,symbolic
600262,2022,1,1,0,0,1,0,0.0,1.0,soft_substantive
600276,2022,2,1,0,0,1,0,0.0,1.5,soft_substantive
600326,2022,1,0,0,0,0,1,0.0,0.0,symbolic
600410,2022,5,0,0,0,0,1,0.0,1.2,symbolic
600487,2022,2,0,0,0,0,1,0.0,1.5,symbolic
600522,2022,1,1,0,0,1,0,0.0,3.0,soft_substantive
600525,2022,2,0,0,0,0,1,0.0,0.5,symbolic
600540,2022,1,0,0,0,0,1,0.0,0.0,symbolic
600570,2022,2,1,1,1,0,0,0.5,1.5,verifiable
600576,2022,1,0,0,0,0,1,0.0,0.0,symbolic
600585,2022,4,3,3,1,0,0,0.75,1.75,verifiable
600588,2022,2,1,0,0,1,0,0.0,1.5,soft_substantive
600589,2022,1,0,0,0,0,1,0.0,2.0,symbolic
600630,2022,5,0,0,0,0,1,0.0,1.0,symbolic
600633,2022,1,0,0,0,0,1,0.0,1.0,symbolic
600641,2022,1,0,0,0,0,1,0.0,1.0,symbolic
600655,2022,1,0,0,0,0,1,0.0,0.0,symbolic
600699,2022,2,0,0,0,0,1,0.0,2.0,symbolic
600728,2022,11,5,7,1,0,0,0.6363636363636364,2.6363636363636362,verifiable
600734,2022,1,0,0,0,0,1,0.0,1.0,symbolic
600745,2022,2,1,1,1,0,0,0.5,2.0,verifiable
600797,2022,1,0,0,0,0,1,0.0,1.0,symbolic
600804,2022,1,1,0,0,1,0,0.0,2.0,soft_substantive
600833,2022,1,0,0,0,0,1,0.0,1.0,symbolic
600837,2022,1,0,0,0,0,1,0.0,1.0,symbolic
600869,2022,1,0,0,0,0,1,0.0,1.0,symbolic
600909,2022,1,0,0,0,0,1,0.0,0.0,symbolic
600927,2022,1,0,0,0,0,1,0.0,0.0,symbolic
600960,2022,1,0,0,0,0,1,0.0,0.0,symbolic
600970,2022,1,0,0,0,0,1,0.0,0.0,symbolic
600986,2022,14,3,2,1,0,0,0.14285714285714285,0.9285714285714286,verifiable
601016,2022,1,1,0,0,1,0,0.0,1.0,soft_substantive
601137,2022,1,0,0,0,0,1,0.0,1.0,symbolic
601138,2022,3,0,0,0,0,1,0.0,0.6666666666666666,symbolic
601169,2022,1,0,0,0,0,1,0.0,2.0,symbolic
601222,2022,1,0,0,0,0,1,0.0,1.0,symbolic
601231,2022,2,0,0,0,0,1,0.0,0.5,symbolic
601288,2022,1,0,1,1,0,0,1.0,2.0,verifiable
601330,2022,1,1,0,0,1,0,0.0,1.0,soft_substantive
601360,2022,32,11,3,1,0,0,0.09375,1.71875,verifiable
601555,2022,1,0,0,0,0,1,0.0,1.0,symbolic
601608,2022,1,0,0,0,0,1,0.0,1.0,symbolic
601616,2022,1,1,0,0,1,0,0.0,1.0,soft_substantive
601658,2022,1,0,0,0,0,1,0.0,1.0,symbolic
601688,2022,1,0,0,0,0,1,0.0,2.0,symbolic
601728,2022,5,4,3,1,0,0,0.6,2.6,verifiable
601828,2022,1,0,0,0,0,1,0.0,1.0,symbolic
601858,2022,2,0,0,0,0,1,0.0,1.0,symbolic
601877,2022,1,1,0,0,1,0,0.0,1.0,soft_substantive
601929,2022,1,0,0,0,0,1,0.0,2.0,symbolic
601992,2022,1,0,0,0,0,1,0.0,0.0,symbolic
603000,2022,1,0,0,0,0,1,0.0,1.0,symbolic
603003,2022,1,0,0,0,0,1,0.0,2.0,symbolic
603017,2022,1,0,0,0,0,1,0.0,1.0,symbolic
603018,2022,1,0,1,1,0,0,1.0,2.0,verifiable
603019,2022,2,1,0,0,1,0,0.0,1.5,soft_substantive
603031,2022,1,0,0,0,0,1,0.0,2.0,symbolic
603033,2022,2,0,0,0,0,1,0.0,1.0,symbolic
603039,2022,1,1,0,0,1,0,0.0,3.0,soft_substantive
603063,2022,1,0,0,0,0,1,0.0,1.0,symbolic
603081,2022,1,0,0,0,0,1,0.0,1.0,symbolic
603096,2022,1,0,0,0,0,1,0.0,1.0,symbolic
603116,2022,1,0,0,0,0,1,0.0,1.0,symbolic
603160,2022,1,0,0,0,0,1,0.0,1.0,symbolic
603171,2022,2,2,0,0,1,0,0.0,1.5,soft_substantive
603186,2022,2,0,0,0,0,1,0.0,1.0,symbolic
603189,2022,7,1,0,0,1,0,0.0,0.5714285714285714,soft_substantive
603197,2022,1,0,0,0,0,1,0.0,1.0,symbolic
603228,2022,1,0,0,0,0,1,0.0,1.0,symbolic
603258,2022,3,0,0,0,0,1,0.0,0.3333333333333333,symbolic
603280,2022,2,1,0,0,1,0,0.0,2.0,soft_substantive
603326,2022,2,0,0,0,0,1,0.0,1.0,symbolic
603333,2022,3,2,0,0,1,0,0.0,1.3333333333333333,soft_substantive
603357,2022,1,1,0,0,1,0,0.0,0.0,soft_substantive
603378,2022,1,0,0,0,0,1,0.0,0.0,symbolic
603383,2022,1,0,1,1,0,0,1.0,2.0,verifiable
603421,2022,1,0,0,0,0,1,0.0,2.0,symbolic
603466,2022,8,1,1,1,0,0,0.125,1.125,verifiable
603496,2022,2,0,0,0,0,1,0.0,1.0,symbolic
603515,2022,1,0,0,0,0,1,0.0,2.0,symbolic
603533,2022,5,1,0,0,1,0,0.0,0.8,soft_substantive
603598,2022,8,3,3,1,0,0,0.375,1.375,verifiable
603601,2022,1,1,1,1,0,0,1.0,3.0,verifiable
603602,2022,1,0,0,0,0,1,0.0,1.0,symbolic
603608,2022,3,1,0,0,1,0,0.0,0.6666666666666666,soft_substantive
603613,2022,1,1,0,0,1,0,0.0,1.0,soft_substantive
603636,2022,4,1,0,0,1,0,0.0,1.5,soft_substantive
603638,2022,1,1,0,0,1,0,0.0,0.0,soft_substantive
603660,2022,2,0,0,0,0,1,0.0,1.0,symbolic
603700,2022,1,0,0,0,0,1,0.0,0.0,symbolic
603713,2022,1,0,0,0,0,1,0.0,1.0,symbolic
603729,2022,1,1,0,0,1,0,0.0,0.0,soft_substantive
603738,2022,2,0,0,0,0,1,0.0,1.5,symbolic
603790,2022,3,1,0,0,1,0,0.0,1.3333333333333333,soft_substantive
603806,2022,1,0,0,0,0,1,0.0,1.0,symbolic
603825,2022,1,0,0,0,0,1,0.0,2.0,symbolic
603859,2022,1,1,1,1,0,0,1.0,2.0,verifiable
603869,2022,1,0,0,0,0,1,0.0,1.0,symbolic
603877,2022,1,0,0,0,0,1,0.0,0.0,symbolic
603881,2022,3,2,1,1,0,0,0.3333333333333333,2.3333333333333335,verifiable
603887,2022,2,0,0,0,0,1,0.0,1.0,symbolic
603908,2022,1,0,0,0,0,1,0.0,1.0,symbolic
603912,2022,1,0,0,0,0,1,0.0,0.0,symbolic
603918,2022,2,0,0,0,0,1,0.0,1.5,symbolic
603927,2022,2,0,0,0,0,1,0.0,2.0,symbolic
603936,2022,1,1,0,0,1,0,0.0,2.0,soft_substantive
603967,2022,1,1,0,0,1,0,0.0,1.0,soft_substantive
603977,2022,1,0,0,0,0,1,0.0,1.0,symbolic
605100,2022,1,0,0,0,0,1,0.0,1.0,symbolic
605168,2022,1,0,0,0,0,1,0.0,2.0,symbolic
605300,2022,1,0,0,0,0,1,0.0,1.0,symbolic
605358,2022,2,0,0,0,0,1,0.0,0.5,symbolic
688001,2022,1,1,0,0,1,0,0.0,1.0,soft_substantive
688003,2022,1,0,0,0,0,1,0.0,1.0,symbolic
688004,2022,9,5,0,0,1,0,0.0,1.2222222222222223,soft_substantive
688007,2022,4,2,0,0,1,0,0.0,1.25,soft_substantive
688008,2022,7,3,0,0,1,0,0.0,1.2857142857142858,soft_substantive
688009,2022,3,1,0,0,1,0,0.0,0.6666666666666666,soft_substantive
688023,2022,1,0,0,0,0,1,0.0,2.0,symbolic
688035,2022,1,0,0,0,0,1,0.0,2.0,symbolic
688036,2022,4,0,0,0,0,1,0.0,1.25,symbolic
688039,2022,11,4,1,1,0,0,0.09090909090909091,1.0909090909090908,verifiable
688041,2022,1,0,0,0,0,1,0.0,1.0,symbolic
688047,2022,1,1,0,0,1,0,0.0,2.0,soft_substantive
688049,2022,3,0,0,0,0,1,0.0,0.6666666666666666,symbolic
688052,2022,1,1,0,0,1,0,0.0,2.0,soft_substantive
688058,2022,1,0,0,0,0,1,0.0,0.0,symbolic
688066,2022,3,2,3,1,0,0,1.0,2.3333333333333335,verifiable
688075,2022,2,0,1,1,0,0,0.5,1.5,verifiable
688081,2022,1,0,0,0,0,1,0.0,1.0,symbolic
688088,2022,6,1,0,0,1,0,0.0,1.0,soft_substantive
688092,2022,3,0,0,0,0,1,0.0,1.3333333333333333,symbolic
688095,2022,5,3,0,0,1,0,0.0,1.2,soft_substantive
688100,2022,1,0,0,0,0,1,0.0,1.0,symbolic
688110,2022,1,0,0,0,0,1,0.0,2.0,symbolic
688111,2022,8,2,0,0,1,0,0.0,1.125,soft_substantive
688114,2022,1,0,0,0,0,1,0.0,1.0,symbolic
688118,2022,3,1,1,1,0,0,0.3333333333333333,1.3333333333333333,verifiable
688130,2022,1,1,0,0,1,0,0.0,1.0,soft_substantive
688135,2022,1,1,0,0,1,0,0.0,1.0,soft_substantive
688152,2022,1,1,0,0,1,0,0.0,1.0,soft_substantive
688158,2022,1,0,0,0,0,1,0.0,2.0,symbolic
688168,2022,2,0,0,0,0,1,0.0,0.5,symbolic
688170,2022,1,0,0,0,0,1,0.0,1.0,symbolic
688172,2022,1,0,1,1,0,0,1.0,2.0,verifiable
688175,2022,1,0,0,0,0,1,0.0,1.0,symbolic
688180,2022,3,0,0,0,0,1,0.0,0.0,symbolic
688187,2022,1,1,1,1,0,0,1.0,2.0,verifiable
688191,2022,3,2,0,0,1,0,0.0,1.6666666666666667,soft_substantive
688195,2022,1,0,0,0,0,1,0.0,1.0,symbolic
688200,2022,2,1,0,0,1,0,0.0,1.5,soft_substantive
688206,2022,1,1,0,0,1,0,0.0,2.0,soft_substantive
688207,2022,10,7,0,0,1,0,0.0,1.1,soft_substantive
688220,2022,2,2,2,1,0,0,1.0,4.0,verifiable
688225,2022,2,1,0,0,1,0,0.0,1.5,soft_substantive
688227,2022,2,0,0,0,0,1,0.0,1.0,symbolic
688228,2022,66,20,4,1,0,0,0.06060606060606061,1.1515151515151516,verifiable
688230,2022,1,0,0,0,0,1,0.0,1.0,symbolic
688234,2022,1,1,0,0,1,0,0.0,1.0,soft_substantive
688244,2022,1,1,0,0,1,0,0.0,2.0,soft_substantive
688246,2022,2,0,0,0,0,1,0.0,1.0,symbolic
688251,2022,1,0,0,0,0,1,0.0,1.0,symbolic
688256,2022,13,6,1,1,0,0,0.07692307692307693,1.4615384615384615,verifiable
688261,2022,2,0,0,0,0,1,0.0,1.0,symbolic
688262,2022,1,1,0,0,1,0,0.0,1.0,soft_substantive
688265,2022,3,2,2,1,0,0,0.6666666666666666,2.6666666666666665,verifiable
688270,2022,1,0,0,0,0,1,0.0,3.0,symbolic
688275,2022,1,0,0,0,0,1,0.0,0.0,symbolic
688296,2022,1,1,0,0,1,0,0.0,1.0,soft_substantive
688297,2022,1,1,0,0,1,0,0.0,2.0,soft_substantive
688298,2022,1,0,0,0,0,1,0.0,0.0,symbolic
688305,2022,5,0,0,0,0,1,0.0,1.2,symbolic
688306,2022,1,0,0,0,0,1,0.0,1.0,symbolic
688313,2022,2,0,0,0,0,1,0.0,2.0,symbolic
688316,2022,1,0,0,0,0,1,0.0,0.0,symbolic
688318,2022,2,0,0,0,0,1,0.0,1.0,symbolic
688322,2022,3,2,0,0,1,0,0.0,1.0,soft_substantive
688325,2022,1,1,0,0,1,0,0.0,1.0,soft_substantive
688327,2022,19,5,3,1,0,0,0.15789473684210525,1.6842105263157894,verifiable
688331,2022,2,2,0,0,1,0,0.0,1.0,soft_substantive
688338,2022,1,1,0,0,1,0,0.0,1.0,soft_substantive
688343,2022,23,7,6,1,0,0,0.2608695652173913,1.5217391304347827,verifiable
688345,2022,1,0,0,0,0,1,0.0,2.0,symbolic
688368,2022,3,2,0,0,1,0,0.0,1.3333333333333333,soft_substantive
688369,2022,1,0,1,1,0,0,1.0,2.0,verifiable
688380,2022,1,0,0,0,0,1,0.0,1.0,symbolic
688381,2022,3,2,0,0,1,0,0.0,1.0,soft_substantive
688383,2022,1,0,0,0,0,1,0.0,1.0,symbolic
688400,2022,1,0,0,0,0,1,0.0,1.0,symbolic
688408,2022,2,1,1,1,0,0,0.5,1.5,verifiable
688455,2022,1,0,0,0,0,1,0.0,0.0,symbolic
688459,2022,2,2,1,1,0,0,0.5,3.5,verifiable
688475,2022,1,0,0,0,0,1,0.0,1.0,symbolic
688496,2022,1,0,0,0,0,1,0.0,0.0,symbolic
688499,2022,1,1,0,0,1,0,0.0,1.0,soft_substantive
688500,2022,1,0,0,0,0,1,0.0,1.0,symbolic
688501,2022,1,1,0,0,1,0,0.0,0.0,soft_substantive
688503,2022,1,0,0,0,0,1,0.0,2.0,symbolic
688518,2022,1,0,0,0,0,1,0.0,0.0,symbolic
688521,2022,3,1,1,1,0,0,0.3333333333333333,1.0,verifiable
688522,2022,1,1,0,0,1,0,0.0,2.0,soft_substantive
688561,2022,8,2,0,0,1,0,0.0,0.375,soft_substantive
688565,2022,2,0,0,0,0,1,0.0,1.0,symbolic
688568,2022,9,4,0,0,1,0,0.0,1.1111111111111112,soft_substantive
688579,2022,4,0,0,0,0,1,0.0,1.25,symbolic
688588,2022,2,0,0,0,0,1,0.0,0.5,symbolic
688590,2022,7,3,2,1,0,0,0.2857142857142857,1.7142857142857142,verifiable
688595,2022,3,3,0,0,1,0,0.0,1.0,soft_substantive
688608,2022,2,0,0,0,0,1,0.0,1.0,symbolic
688618,2022,1,1,0,0,1,0,0.0,1.0,soft_substantive
688619,2022,4,1,0,0,1,0,0.0,1.5,soft_substantive
688655,2022,2,2,1,1,0,0,0.5,2.5,verifiable
688659,2022,3,1,1,1,0,0,0.3333333333333333,2.0,verifiable
688667,2022,1,0,0,0,0,1,0.0,1.0,symbolic
688668,2022,4,0,0,0,0,1,0.0,1.25,symbolic
688699,2022,1,0,0,0,0,1,0.0,1.0,symbolic
688766,2022,1,0,0,0,0,1,0.0,0.0,symbolic
688777,2022,1,0,0,0,0,1,0.0,2.0,symbolic
688787,2022,17,2,1,1,0,0,0.058823529411764705,1.0,verifiable
688793,2022,1,0,0,0,0,1,0.0,1.0,symbolic
830799,2022,2,0,0,0,0,1,0.0,1.0,symbolic
830879,2022,1,1,0,0,1,0,0.0,2.0,soft_substantive
831961,2022,1,1,0,0,1,0,0.0,1.0,soft_substantive
834021,2022,7,0,2,1,0,0,0.2857142857142857,1.4285714285714286,verifiable
834062,2022,1,1,1,1,0,0,1.0,4.0,verifiable
835305,2022,11,3,4,1,0,0,0.36363636363636365,1.4545454545454546,verifiable
837092,2022,1,0,0,0,0,1,0.0,1.0,symbolic
000001,2023,3,0,0,0,0,1,0.0,0.6666666666666666,symbolic
000004,2023,3,0,0,0,0,1,0.0,1.0,symbolic
000016,2023,1,0,0,0,0,1,0.0,1.0,symbolic
000028,2023,1,0,0,0,0,1,0.0,1.0,symbolic
000032,2023,13,8,8,1,0,0,0.6153846153846154,2.3846153846153846,verifiable
000034,2023,21,9,7,1,0,0,0.3333333333333333,1.9047619047619047,verifiable
000039,2023,2,0,0,0,0,1,0.0,1.5,symbolic
000050,2023,4,1,0,0,1,0,0.0,0.75,soft_substantive
000058,2023,1,0,0,0,0,1,0.0,1.0,symbolic
000063,2023,12,5,4,1,0,0,0.3333333333333333,2.0,verifiable
000066,2023,2,0,0,0,0,1,0.0,1.5,symbolic
000070,2023,1,0,0,0,0,1,0.0,1.0,symbolic
000090,2023,1,0,0,0,0,1,0.0,1.0,symbolic
000100,2023,1,1,1,1,0,0,1.0,2.0,verifiable
000156,2023,8,2,1,1,0,0,0.125,1.0,verifiable
000157,2023,2,0,0,0,0,1,0.0,1.0,symbolic
000158,2023,9,1,2,1,0,0,0.2222222222222222,1.8888888888888888,verifiable
000166,2023,1,0,0,0,0,1,0.0,2.0,symbolic
000333,2023,17,13,6,1,0,0,0.35294117647058826,2.0,verifiable
000400,2023,1,0,0,0,0,1,0.0,1.0,symbolic
000409,2023,6,4,3,1,0,0,0.5,2.5,verifiable
000417,2023,2,1,0,0,1,0,0.0,1.5,soft_substantive
000537,2023,1,0,0,0,0,1,0.0,1.0,symbolic
000538,2023,1,0,0,0,0,1,0.0,2.0,symbolic
000547,2023,2,1,1,1,0,0,0.5,1.5,verifiable
000551,2023,2,0,0,0,0,1,0.0,1.0,symbolic
000555,2023,3,1,1,1,0,0,0.3333333333333333,1.3333333333333333,verifiable
000560,2023,5,1,1,1,0,0,0.2,1.6,verifiable
000607,2023,1,0,0,0,0,1,0.0,0.0,symbolic
000619,2023,47,23,2,1,0,0,0.0425531914893617,1.0,verifiable
000626,2023,1,0,0,0,0,1,0.0,2.0,symbolic
000661,2023,1,0,1,1,0,0,1.0,2.0,verifiable
000672,2023,1,0,0,0,0,1,0.0,2.0,symbolic
000676,2023,37,9,6,1,0,0,0.16216216216216217,1.5135135135135136,verifiable
000681,2023,51,10,3,1,0,0,0.058823529411764705,1.588235294117647,verifiable
000682,2023,3,2,1,1,0,0,0.3333333333333333,2.3333333333333335,verifiable
000701,2023,1,0,0,0,0,1,0.0,1.0,symbolic
000705,2023,1,0,0,0,0,1,0.0,0.0,symbolic
000719,2023,6,0,1,1,0,0,0.16666666666666666,0.8333333333333334,verifiable
000725,2023,2,1,0,0,1,0,0.0,1.0,soft_substantive
000750,2023,1,0,0,0,0,1,0.0,1.0,symbolic
000783,2023,1,0,0,0,0,1,0.0,1.0,symbolic
000785,2023,2,1,1,1,0,0,0.5,2.5,verifiable
000800,2023,3,1,2,1,0,0,0.6666666666666666,2.3333333333333335,verifiable
000810,2023,19,4,4,1,0,0,0.21052631578947367,1.5263157894736843,verifiable
000818,2023,1,1,1,1,0,0,1.0,2.0,verifiable
000829,2023,1,1,1,1,0,0,1.0,2.0,verifiable
000836,2023,1,0,0,0,0,1,0.0,1.0,symbolic
000839,2023,10,4,4,1,0,0,0.4,1.8,verifiable
000851,2023,1,0,0,0,0,1,0.0,2.0,symbolic
000889,2023,1,0,0,0,0,1,0.0,1.0,symbolic
000892,2023,8,1,1,1,0,0,0.125,0.625,verifiable
000917,2023,2,1,1,1,0,0,0.5,2.0,verifiable
000921,2023,1,1,1,1,0,0,1.0,3.0,verifiable
000923,2023,2,2,0,0,1,0,0.0,2.0,soft_substantive
000925,2023,6,1,1,1,0,0,0.16666666666666666,1.3333333333333333,verifiable
000930,2023,1,0,0,0,0,1,0.0,1.0,symbolic
000932,2023,2,1,0,0,1,0,0.0,1.0,soft_substantive
000938,2023,29,15,13,1,0,0,0.4482758620689655,1.793103448275862,verifiable
000948,2023,8,2,2,1,0,0,0.25,1.5,verifiable
000959,2023,1,0,0,0,0,1,0.0,0.0,symbolic
000960,2023,1,0,0,0,0,1,0.0,1.0,symbolic
000969,2023,1,0,0,0,0,1,0.0,0.0,symbolic
000971,2023,1,0,0,0,0,1,0.0,1.0,symbolic
000977,2023,13,2,4,1,0,0,0.3076923076923077,1.6153846153846154,verifiable
000987,2023,1,1,1,1,0,0,1.0,2.0,verifiable
000988,2023,4,1,0,0,1,0,0.0,1.25,soft_substantive
000997,2023,4,1,1,1,0,0,0.25,1.25,verifiable
001205,2023,1,0,0,0,0,1,0.0,2.0,symbolic
001222,2023,1,0,0,0,0,1,0.0,2.0,symbolic
001225,2023,2,0,0,0,0,1,0.0,1.5,symbolic
001229,2023,4,0,0,0,0,1,0.0,1.25,symbolic
001238,2023,3,0,0,0,0,1,0.0,1.0,symbolic
001256,2023,1,1,0,0,1,0,0.0,0.0,soft_substantive
001308,2023,8,2,1,1,0,0,0.125,1.375,verifiable
001309,2023,4,0,0,0,0,1,0.0,1.0,symbolic
001314,2023,7,1,1,1,0,0,0.14285714285714285,1.5714285714285714,verifiable
001317,2023,1,0,0,0,0,1,0.0,0.0,symbolic
001322,2023,1,0,0,0,0,1,0.0,2.0,symbolic
001339,2023,3,0,1,1,0,0,0.3333333333333333,1.6666666666666667,verifiable
001358,2023,1,0,0,0,0,1,0.0,1.0,symbolic
001360,2023,2,0,0,0,0,1,0.0,2.0,symbolic
001368,2023,2,0,0,0,0,1,0.0,1.0,symbolic
001389,2023,1,1,0,0,1,0,0.0,2.0,soft_substantive
001872,2023,1,0,0,0,0,1,0.0,1.0,symbolic
001965,2023,2,1,1,1,0,0,0.5,2.0,verifiable
001979,2023,1,1,1,1,0,0,1.0,3.0,verifiable
002003,2023,1,0,0,0,0,1,0.0,0.0,symbolic
002008,2023,6,2,0,0,1,0,0.0,1.0,soft_substantive
002011,2023,1,0,0,0,0,1,0.0,1.0,symbolic
002024,2023,1,1,0,0,1,0,0.0,3.0,soft_substantive
002027,2023,1,1,1,1,0,0,1.0,3.0,verifiable
002042,2023,2,0,1,1,0,0,0.5,1.5,verifiable
002044,2023,19,5,2,1,0,0,0.10526315789473684,1.4736842105263157,verifiable
002045,2023,3,0,0,0,0,1,0.0,1.0,symbolic
002063,2023,7,4,4,1,0,0,0.5714285714285714,1.8571428571428572,verifiable
002065,2023,13,4,2,1,0,0,0.15384615384615385,1.6923076923076923,verifiable
002069,2023,8,5,0,0,1,0,0.0,0.875,soft_substantive
002079,2023,1,1,0,0,1,0,0.0,2.0,soft_substantive
002080,2023,1,1,0,0,1,0,0.0,2.0,soft_substantive
002093,2023,1,0,0,0,0,1,0.0,1.0,symbolic
002115,2023,3,2,0,0,1,0,0.0,1.3333333333333333,soft_substantive
002117,2023,1,1,1,1,0,0,1.0,4.0,verifiable
002120,2023,4,1,2,1,0,0,0.5,2.0,verifiable
002123,2023,2,1,0,0,1,0,0.0,1.0,soft_substantive
002124,2023,1,0,0,0,0,1,0.0,1.0,symbolic
002125,2023,2,0,0,0,0,1,0.0,2.0,symbolic
002127,2023,3,1,1,1,0,0,0.3333333333333333,1.0,verifiable
002129,2023,1,1,0,0,1,0,0.0,1.0,soft_substantive
002131,2023,13,2,2,1,0,0,0.15384615384615385,1.5384615384615385,verifiable
002138,2023,1,0,0,0,0,1,0.0,2.0,symbolic
002139,2023,4,0,0,0,0,1,0.0,0.75,symbolic
002142,2023,1,1,0,0,1,0,0.0,1.0,soft_substantive
002150,2023,1,0,0,0,0,1,0.0,1.0,symbolic
002152,2023,14,6,1,1,0,0,0.07142857142857142,1.4285714285714286,verifiable
002156,2023,2,0,0,0,0,1,0.0,1.0,symbolic
002160,2023,1,0,0,0,0,1,0.0,1.0,symbolic
002161,2023,1,0,0,0,0,1,0.0,1.0,symbolic
002166,2023,1,1,0,0,1,0,0.0,1.0,soft_substantive
002174,2023,4,0,0,0,0,1,0.0,1.0,symbolic
002178,2023,1,1,1,1,0,0,1.0,2.0,verifiable
002183,2023,3,1,0,0,1,0,0.0,1.3333333333333333,soft_substantive
002191,2023,1,1,0,0,1,0,0.0,1.0,soft_substantive
002195,2023,23,9,2,1,0,0,0.08695652173913043,1.2173913043478262,verifiable
002197,2023,7,0,0,0,0,1,0.0,1.1428571428571428,symbolic
002203,2023,1,0,0,0,0,1,0.0,1.0,symbolic
002212,2023,13,0,2,1,0,0,0.15384615384615385,1.6153846153846154,verifiable
002229,2023,6,5,3,1,0,0,0.5,2.5,verifiable
002230,2023,162,67,34,1,0,0,0.20987654320987653,1.7839506172839505,verifiable
002232,2023,3,1,1,1,0,0,0.3333333333333333,2.0,verifiable
002235,2023,2,0,0,0,0,1,0.0,0.5,symbolic
002236,2023,59,25,20,1,0,0,0.3389830508474576,1.4406779661016949,verifiable
002238,2023,1,1,1,1,0,0,1.0,3.0,verifiable
002241,2023,2,0,0,0,0,1,0.0,1.0,symbolic
002252,2023,1,1,0,0,1,0,0.0,2.0,soft_substantive
002261,2023,15,5,7,1,0,0,0.4666666666666667,2.466666666666667,verifiable
002264,2023,2,1,1,1,0,0,0.5,2.5,verifiable
002268,2023,4,2,1,1,0,0,0.25,1.25,verifiable
002271,2023,6,4,1,1,0,0,0.16666666666666666,0.8333333333333334,verifiable
002272,2023,2,1,0,0,1,0,0.0,1.5,soft_substantive
002273,2023,6,1,1,1,0,0,0.16666666666666666,1.3333333333333333,verifiable
002279,2023,11,5,2,1,0,0,0.18181818181818182,1.9090909090909092,verifiable
002281,2023,3,0,0,0,0,1,0.0,0.6666666666666666,symbolic
002282,2023,1,0,0,0,0,1,0.0,0.0,symbolic
002284,2023,1,0,0,0,0,1,0.0,1.0,symbolic
002292,2023,6,1,0,0,1,0,0.0,1.0,soft_substantive
002296,2023,1,1,0,0,1,0,0.0,1.0,soft_substantive
002298,2023,3,1,1,1,0,0,0.3333333333333333,2.3333333333333335,verifiable
002301,2023,3,2,1,1,0,0,0.3333333333333333,2.3333333333333335,verifiable
002303,2023,1,1,0,0,1,0,0.0,3.0,soft_substantive
002315,2023,3,2,0,0,1,0,0.0,1.0,soft_substantive
002319,2023,1,0,0,0,0,1,0.0,1.0,symbolic
002325,2023,3,2,2,1,0,0,0.6666666666666666,1.6666666666666667,verifiable
002335,2023,1,0,0,0,0,1,0.0,2.0,symbolic
002343,2023,7,1,1,1,0,0,0.14285714285714285,0.8571428571428571,verifiable
002351,2023,2,1,1,1,0,0,0.5,1.5,verifiable
002352,2023,3,2,0,0,1,0,0.0,1.3333333333333333,soft_substantive
002354,2023,13,5,4,1,0,0,0.3076923076923077,1.9230769230769231,verifiable
002362,2023,28,7,8,1,0,0,0.2857142857142857,1.75,verifiable
002364,2023,2,1,1,1,0,0,0.5,1.5,verifiable
002365,2023,1,1,0,0,1,0,0.0,2.0,soft_substantive
002368,2023,2,0,0,0,0,1,0.0,1.5,symbolic
002369,2023,4,1,0,0,1,0,0.0,1.0,soft_substantive
002371,2023,1,0,0,0,0,1,0.0,1.0,symbolic
002373,2023,21,11,7,1,0,0,0.3333333333333333,2.0,verifiable
002380,2023,1,0,0,0,0,1,0.0,0.0,symbolic
002382,2023,1,0,0,0,0,1,0.0,2.0,symbolic
002384,2023,1,0,0,0,0,1,0.0,1.0,symbolic
002396,2023,3,0,0,0,0,1,0.0,1.0,symbolic
002398,2023,2,1,1,1,0,0,0.5,2.0,verifiable
002400,2023,1,0,0,0,0,1,0.0,0.0,symbolic
002401,2023,4,1,0,0,1,0,0.0,1.75,soft_substantive
002402,2023,3,1,0,0,1,0,0.0,1.3333333333333333,soft_substantive
002405,2023,2,1,0,0,1,0,0.0,1.0,soft_substantive
002409,2023,1,0,0,0,0,1,0.0,0.0,symbolic
002410,2023,3,1,1,1,0,0,0.3333333333333333,1.6666666666666667,verifiable
002415,2023,19,5,7,1,0,0,0.3684210526315789,1.5263157894736843,verifiable
002416,2023,3,1,1,1,0,0,0.3333333333333333,2.0,verifiable
002419,2023,3,0,0,0,0,1,0.0,1.0,symbolic
002425,2023,2,1,0,0,1,0,0.0,1.5,soft_substantive
002432,2023,3,0,0,0,0,1,0.0,0.6666666666666666,symbolic
002436,2023,1,0,0,0,0,1,0.0,1.0,symbolic
002439,2023,20,6,5,1,0,0,0.25,1.7,verifiable
002442,2023,1,1,0,0,1,0,0.0,0.0,soft_substantive
002444,2023,1,1,0,0,1,0,0.0,3.0,soft_substantive
002454,2023,1,1,0,0,1,0,0.0,1.0,soft_substantive
002456,2023,3,0,0,0,0,1,0.0,1.0,symbolic
002463,2023,1,0,0,0,0,1,0.0,1.0,symbolic
002467,2023,7,1,0,0,1,0,0.0,1.1428571428571428,soft_substantive
002474,2023,2,0,0,0,0,1,0.0,3.0,symbolic
002488,2023,1,0,0,0,0,1,0.0,1.0,symbolic
002505,2023,1,0,0,0,0,1,0.0,1.0,symbolic
002506,2023,1,1,0,0,1,0,0.0,1.0,soft_substantive
002517,2023,7,2,1,1,0,0,0.14285714285714285,0.8571428571428571,verifiable
002520,2023,1,0,0,0,0,1,0.0,1.0,symbolic
002528,2023,7,2,0,0,1,0,0.0,1.0,soft_substantive
002530,2023,27,7,4,1,0,0,0.14814814814814814,1.5925925925925926,verifiable
002541,2023,1,0,0,0,0,1,0.0,1.0,symbolic
002544,2023,2,0,0,0,0,1,0.0,1.0,symbolic
002555,2023,7,2,1,1,0,0,0.14285714285714285,1.4285714285714286,verifiable
002558,2023,8,3,1,1,0,0,0.125,1.875,verifiable
002563,2023,1,0,0,0,0,1,0.0,1.0,symbolic
002572,2023,2,1,0,0,1,0,0.0,0.0,soft_substantive
002580,2023,1,0,0,0,0,1,0.0,1.0,symbolic
002587,2023,6,3,2,1,0,0,0.3333333333333333,1.6666666666666667,verifiable
002594,2023,1,1,0,0,1,0,0.0,2.0,soft_substantive
002599,2023,8,1,0,0,1,0,0.0,1.125,soft_substantive
002600,2023,5,1,0,0,1,0,0.0,1.2,soft_substantive
002602,2023,5,0,1,1,0,0,0.2,1.4,verifiable
002611,2023,1,1,0,0,1,0,0.0,1.0,soft_substantive
002624,2023,8,4,0,0,1,0,0.0,1.375,soft_substantive
002631,2023,2,2,0,0,1,0,0.0,1.5,soft_substantive
002635,2023,1,0,0,0,0,1,0.0,0.0,symbolic
002640,2023,1,0,0,0,0,1,0.0,2.0,symbolic
002642,2023,9,2,1,1,0,0,0.1111111111111111,1.5555555555555556,verifiable
002647,2023,1,0,0,0,0,1,0.0,0.0,symbolic
002649,2023,11,3,3,1,0,0,0.2727272727272727,2.090909090909091,verifiable
002654,2023,1,0,0,0,0,1,0.0,1.0,symbolic
002657,2023,4,1,0,0,1,0,0.0,1.0,soft_substantive
002659,2023,3,2,1,1,0,0,0.3333333333333333,1.6666666666666667,verifiable
002677,2023,1,0,0,0,0,1,0.0,1.0,symbolic
002681,2023,6,1,0,0,1,0,0.0,1.1666666666666667,soft_substantive
002698,2023,1,0,0,0,0,1,0.0,0.0,symbolic
002706,2023,1,0,1,1,0,0,1.0,2.0,verifiable
002712,2023,7,2,0,0,1,0,0.0,1.0,soft_substantive
002713,2023,5,2,3,1,0,0,0.6,2.6,verifiable
002747,2023,3,1,0,0,1,0,0.0,1.6666666666666667,soft_substantive
002757,2023,7,2,2,1,0,0,0.2857142857142857,1.4285714285714286,verifiable
002771,2023,3,1,0,0,1,0,0.0,1.3333333333333333,soft_substantive
002774,2023,1,0,0,0,0,1,0.0,0.0,symbolic
002777,2023,6,0,0,0,0,1,0.0,0.8333333333333334,symbolic
002795,2023,2,0,0,0,0,1,0.0,0.5,symbolic
002803,2023,1,0,0,0,0,1,0.0,1.0,symbolic
002819,2023,2,1,0,0,1,0,0.0,2.0,soft_substantive
002833,2023,1,0,0,0,0,1,0.0,1.0,symbolic
002835,2023,3,0,1,1,0,0,0.3333333333333333,1.3333333333333333,verifiable
002841,2023,25,13,7,1,0,0,0.28,1.44,verifiable
002851,2023,1,0,0,0,0,1,0.0,1.0,symbolic
002858,2023,12,2,2,1,0,0,0.16666666666666666,1.5833333333333333,verifiable
002862,2023,3,0,1,1,0,0,0.3333333333333333,1.3333333333333333,verifiable
002867,2023,1,0,0,0,0,1,0.0,1.0,symbolic
002869,2023,1,0,0,0,0,1,0.0,1.0,symbolic
002878,2023,6,4,0,0,1,0,0.0,1.1666666666666667,soft_substantive
002881,2023,20,7,5,1,0,0,0.25,1.75,verifiable
002889,2023,1,1,1,1,0,0,1.0,4.0,verifiable
002897,2023,1,1,1,1,0,0,1.0,3.0,verifiable
002899,2023,1,0,0,0,0,1,0.0,1.0,symbolic
002902,2023,2,0,0,0,0,1,0.0,1.0,symbolic
002906,2023,1,1,0,0,1,0,0.0,1.0,soft_substantive
002908,2023,8,5,0,0,1,0,0.0,1.625,soft_substantive
002912,2023,26,8,3,1,0,0,0.11538461538461539,1.3076923076923077,verifiable
002913,2023,2,0,0,0,0,1,0.0,2.0,symbolic
002916,2023,1,0,0,0,0,1,0.0,1.0,symbolic
002920,2023,1,0,0,0,0,1,0.0,1.0,symbolic
002925,2023,1,1,0,0,1,0,0.0,1.0,soft_substantive
002929,2023,18,8,9,1,0,0,0.5,1.8888888888888888,verifiable
002938,2023,3,1,1,1,0,0,0.3333333333333333,1.3333333333333333,verifiable
002943,2023,1,0,0,0,0,1,0.0,0.0,symbolic
002945,2023,2,2,0,0,1,0,0.0,1.5,soft_substantive
002947,2023,2,1,0,0,1,0,0.0,2.0,soft_substantive
002949,2023,1,0,0,0,0,1,0.0,1.0,symbolic
002950,2023,1,0,0,0,0,1,0.0,0.0,symbolic
002962,2023,2,0,0,0,0,1,0.0,1.0,symbolic
002970,2023,23,6,2,1,0,0,0.08695652173913043,1.2173913043478262,verifiable
002971,2023,1,0,0,0,0,1,0.0,1.0,symbolic
002975,2023,1,1,1,1,0,0,1.0,3.0,verifiable
002980,2023,1,1,0,0,1,0,0.0,1.0,soft_substantive
002987,2023,4,3,2,1,0,0,0.5,2.0,verifiable
002990,2023,9,3,1,1,0,0,0.1111111111111111,1.3333333333333333,verifiable
002993,2023,1,0,0,0,0,1,0.0,1.0,symbolic
002995,2023,15,3,1,1,0,0,0.06666666666666667,1.6,verifiable
003004,2023,3,0,0,0,0,1,0.0,1.0,symbolic
003005,2023,46,10,5,1,0,0,0.10869565217391304,1.108695652173913,verifiable
003007,2023,16,2,1,1,0,0,0.0625,1.375,verifiable
003010,2023,4,2,0,0,1,0,0.0,1.5,soft_substantive
003016,2023,2,1,0,0,1,0,0.0,1.5,soft_substantive
003021,2023,1,0,0,0,0,1,0.0,1.0,symbolic
003029,2023,11,4,1,1,0,0,0.09090909090909091,1.3636363636363635,verifiable
003031,2023,1,1,1,1,0,0,1.0,3.0,verifiable
003032,2023,4,0,1,1,0,0,0.25,1.75,verifiable
003035,2023,1,1,0,0,1,0,0.0,1.0,soft_substantive
003038,2023,1,0,0,0,0,1,0.0,2.0,symbolic
003040,2023,2,1,1,1,0,0,0.5,2.0,verifiable
300001,2023,2,2,1,1,0,0,0.5,2.0,verifiable
300002,2023,9,2,0,0,1,0,0.0,1.1111111111111112,soft_substantive
300005,2023,2,0,0,0,0,1,0.0,1.0,symbolic
300012,2023,1,1,0,0,1,0,0.0,2.0,soft_substantive
300013,2023,1,0,0,0,0,1,0.0,1.0,symbolic
300015,2023,1,0,0,0,0,1,0.0,1.0,symbolic
300017,2023,3,0,0,0,0,1,0.0,1.0,symbolic
300020,2023,10,5,4,1,0,0,0.4,1.9,verifiable
300024,2023,1,0,0,0,0,1,0.0,1.0,symbolic
300031,2023,4,1,1,1,0,0,0.25,1.75,verifiable
300033,2023,14,5,1,1,0,0,0.07142857142857142,1.7857142857142858,verifiable
300036,2023,10,7,4,1,0,0,0.4,1.9,verifiable
300043,2023,2,1,0,0,1,0,0.0,1.5,soft_substantive
300044,2023,1,0,0,0,0,1,0.0,1.0,symbolic
300047,2023,19,3,2,1,0,0,0.10526315789473684,1.368421052631579,verifiable
300052,2023,2,1,1,1,0,0,0.5,1.5,verifiable
300053,2023,5,4,2,1,0,0,0.4,2.0,verifiable
300054,2023,1,0,0,0,0,1,0.0,1.0,symbolic
300058,2023,5,1,1,1,0,0,0.2,1.6,verifiable
300059,2023,8,3,1,1,0,0,0.125,1.625,verifiable
300061,2023,2,0,0,0,0,1,0.0,0.5,symbolic
300063,2023,9,3,1,1,0,0,0.1111111111111111,2.111111111111111,verifiable
300065,2023,4,0,0,0,0,1,0.0,1.0,symbolic
300071,2023,20,6,5,1,0,0,0.25,1.8,verifiable
300073,2023,1,0,0,0,0,1,0.0,0.0,symbolic
300074,2023,1,0,0,0,0,1,0.0,1.0,symbolic
300075,2023,6,1,2,1,0,0,0.3333333333333333,2.3333333333333335,verifiable
300078,2023,1,0,1,1,0,0,1.0,2.0,verifiable
300079,2023,6,2,0,0,1,0,0.0,0.8333333333333334,soft_substantive
300081,2023,11,4,5,1,0,0,0.45454545454545453,1.7272727272727273,verifiable
300083,2023,1,0,0,0,0,1,0.0,3.0,symbolic
300088,2023,1,0,0,0,0,1,0.0,2.0,symbolic
300096,2023,8,4,3,1,0,0,0.375,2.125,verifiable
300098,2023,2,0,0,0,0,1,0.0,0.5,symbolic
300113,2023,13,2,3,1,0,0,0.23076923076923078,1.6923076923076923,verifiable
300114,2023,1,0,1,1,0,0,1.0,3.0,verifiable
300115,2023,1,1,0,0,1,0,0.0,1.0,soft_substantive
300124,2023,1,0,0,0,0,1,0.0,1.0,symbolic
300130,2023,5,1,1,1,0,0,0.2,1.6,verifiable
300131,2023,1,1,0,0,1,0,0.0,2.0,soft_substantive
300133,2023,15,9,6,1,0,0,0.4,1.7333333333333334,verifiable
300143,2023,1,0,0,0,0,1,0.0,0.0,symbolic
300153,2023,2,1,0,0,1,0,0.0,1.0,soft_substantive
300155,2023,1,1,0,0,1,0,0.0,1.0,soft_substantive
300159,2023,1,0,0,0,0,1,0.0,1.0,symbolic
300165,2023,1,0,0,0,0,1,0.0,1.0,symbolic
300166,2023,32,9,8,1,0,0,0.25,1.625,verifiable
300167,2023,2,1,0,0,1,0,0.0,1.0,soft_substantive
300168,2023,13,5,3,1,0,0,0.23076923076923078,1.8461538461538463,verifiable
300170,2023,10,3,2,1,0,0,0.2,1.9,verifiable
300182,2023,15,2,0,0,1,0,0.0,1.3333333333333333,soft_substantive
300183,2023,1,1,0,0,1,0,0.0,1.0,soft_substantive
300184,2023,3,1,1,1,0,0,0.3333333333333333,2.0,verifiable
300188,2023,25,4,7,1,0,0,0.28,1.6,verifiable
300192,2023,5,3,1,1,0,0,0.2,2.2,verifiable
300207,2023,1,0,0,0,0,1,0.0,1.0,symbolic
300212,2023,13,4,4,1,0,0,0.3076923076923077,1.7692307692307692,verifiable
300213,2023,5,2,1,1,0,0,0.2,1.8,verifiable
300218,2023,1,0,0,0,0,1,0.0,0.0,symbolic
300226,2023,9,5,1,1,0,0,0.1111111111111111,1.5555555555555556,verifiable
300227,2023,1,0,0,0,0,1,0.0,3.0,symbolic
300229,2023,90,26,18,1,0,0,0.2,1.5,verifiable
300231,2023,1,0,1,1,0,0,1.0,2.0,verifiable
300232,2023,7,3,1,1,0,0,0.14285714285714285,1.5714285714285714,verifiable
300235,2023,15,0,1,1,0,0,0.06666666666666667,1.4666666666666666,verifiable
300242,2023,2,1,0,0,1,0,0.0,1.0,soft_substantive
300244,2023,1,0,0,0,0,1,0.0,2.0,symbolic
300245,2023,1,0,0,0,0,1,0.0,0.0,symbolic
300248,2023,4,3,0,0,1,0,0.0,1.75,soft_substantive
300249,2023,1,0,0,0,0,1,0.0,1.0,symbolic
300250,2023,6,1,1,1,0,0,0.16666666666666666,1.3333333333333333,verifiable
300253,2023,8,1,3,1,0,0,0.375,1.375,verifiable
300259,2023,1,0,1,1,0,0,1.0,3.0,verifiable
300260,2023,1,0,0,0,0,1,0.0,0.0,symbolic
300264,2023,8,1,0,0,1,0,0.0,1.5,soft_substantive
300270,2023,3,0,1,1,0,0,0.3333333333333333,1.3333333333333333,verifiable
300271,2023,19,6,1,1,0,0,0.05263157894736842,1.5263157894736843,verifiable
300274,2023,1,0,0,0,0,1,0.0,1.0,symbolic
300275,2023,2,2,2,1,0,0,1.0,4.0,verifiable
300280,2023,1,0,0,0,0,1,0.0,2.0,symbolic
300286,2023,1,1,0,0,1,0,0.0,1.0,soft_substantive
300287,2023,8,5,2,1,0,0,0.25,2.125,verifiable
300288,2023,5,4,1,1,0,0,0.2,1.2,verifiable
300290,2023,2,1,0,0,1,0,0.0,1.5,soft_substantive
300291,2023,5,1,0,0,1,0,0.0,0.4,soft_substantive
300292,2023,1,0,0,0,0,1,0.0,0.0,symbolic
300295,2023,3,1,1,1,0,0,0.3333333333333333,2.3333333333333335,verifiable
300296,2023,7,3,2,1,0,0,0.2857142857142857,1.5714285714285714,verifiable
300299,2023,3,0,0,0,0,1,0.0,0.3333333333333333,symbolic
300302,2023,3,3,0,0,1,0,0.0,1.0,soft_substantive
300308,2023,3,2,1,1,0,0,0.3333333333333333,1.6666666666666667,verifiable
300310,2023,2,1,0,0,1,0,0.0,1.5,soft_substantive
300311,2023,3,0,0,0,0,1,0.0,0.3333333333333333,symbolic
300315,2023,3,1,0,0,1,0,0.0,1.6666666666666667,soft_substantive
300320,2023,1,1,0,0,1,0,0.0,1.0,soft_substantive
300324,2023,5,1,0,0,1,0,0.0,1.4,soft_substantive
300331,2023,4,1,0,0,1,0,0.0,1.25,soft_substantive
300339,2023,11,3,0,0,1,0,0.0,1.1818181818181819,soft_substantive
300347,2023,1,0,0,0,0,1,0.0,1.0,symbolic
300348,2023,4,1,0,0,1,0,0.0,1.0,soft_substantive
300352,2023,4,0,0,0,0,1,0.0,0.5,symbolic
300353,2023,7,2,1,1,0,0,0.14285714285714285,1.2857142857142858,verifiable
300359,2023,1,0,0,0,0,1,0.0,1.0,symbolic
300364,2023,18,5,2,1,0,0,0.1111111111111111,1.2222222222222223,verifiable
300365,2023,2,1,0,0,1,0,0.0,1.0,soft_substantive
300366,2023,7,2,2,1,0,0,0.2857142857142857,1.7142857142857142,verifiable
300369,2023,19,4,2,1,0,0,0.10526315789473684,1.6842105263157894,verifiable
300376,2023,1,0,0,0,0,1,0.0,2.0,symbolic
300377,2023,4,2,2,1,0,0,0.5,1.75,verifiable
300378,2023,10,2,4,1,0,0,0.4,2.0,verifiable
300379,2023,23,6,6,1,0,0,0.2608695652173913,1.1304347826086956,verifiable
300383,2023,16,2,2,1,0,0,0.125,1.5,verifiable
300384,2023,12,3,2,1,0,0,0.16666666666666666,1.8333333333333333,verifiable
300388,2023,1,1,0,0,1,0,0.0,1.0,soft_substantive
300397,2023,8,4,1,1,0,0,0.125,1.375,verifiable
300413,2023,6,2,1,1,0,0,0.16666666666666666,1.3333333333333333,verifiable
300418,2023,52,23,19,1,0,0,0.36538461538461536,1.7115384615384615,verifiable
300419,2023,4,3,2,1,0,0,0.5,2.5,verifiable
300420,2023,1,1,0,0,1,0,0.0,1.0,soft_substantive
300422,2023,1,0,0,0,0,1,0.0,0.0,symbolic
300426,2023,4,1,0,0,1,0,0.0,1.0,soft_substantive
300433,2023,1,0,0,0,0,1,0.0,1.0,symbolic
300438,2023,2,0,1,1,0,0,0.5,2.0,verifiable
300440,2023,5,3,2,1,0,0,0.4,1.0,verifiable
300442,2023,11,4,2,1,0,0,0.18181818181818182,1.9090909090909092,verifiable
300444,2023,1,1,0,0,1,0,0.0,1.0,soft_substantive
300448,2023,9,2,2,1,0,0,0.2222222222222222,1.6666666666666667,verifiable
300449,2023,4,4,0,0,1,0,0.0,1.5,soft_substantive
300451,2023,7,5,4,1,0,0,0.5714285714285714,2.2857142857142856,verifiable
300454,2023,19,7,2,1,0,0,0.10526315789473684,1.1578947368421053,verifiable
300456,2023,2,0,0,0,0,1,0.0,1.0,symbolic
300458,2023,6,2,3,1,0,0,0.5,1.6666666666666667,verifiable
300459,2023,13,6,1,1,0,0,0.07692307692307693,1.4615384615384615,verifiable
300467,2023,1,0,0,0,0,1,0.0,1.0,symbolic
300468,2023,4,0,0,0,0,1,0.0,0.75,symbolic
300469,2023,1,0,0,0,0,1,0.0,1.0,symbolic
300475,2023,1,0,0,0,0,1,0.0,1.0,symbolic
300479,2023,13,7,3,1,0,0,0.23076923076923078,1.3846153846153846,verifiable
300480,2023,1,0,0,0,0,1,0.0,1.0,symbolic
300482,2023,1,0,0,0,0,1,0.0,2.0,symbolic
300486,2023,2,0,0,0,0,1,0.0,1.0,symbolic
300490,2023,2,1,0,0,1,0,0.0,1.0,soft_substantive
300493,2023,3,1,0,0,1,0,0.0,1.3333333333333333,soft_substantive
300494,2023,18,3,4,1,0,0,0.2222222222222222,1.2222222222222223,verifiable
300496,2023,10,1,2,1,0,0,0.2,1.2,verifiable
300500,2023,6,2,2,1,0,0,0.3333333333333333,1.5,verifiable
300502,2023,2,0,0,0,0,1,0.0,1.5,symbolic
300513,2023,1,1,0,0,1,0,0.0,1.0,soft_substantive
300520,2023,34,15,11,1,0,0,0.3235294117647059,1.8235294117647058,verifiable
300523,2023,8,2,1,1,0,0,0.125,1.25,verifiable
300525,2023,1,0,0,0,0,1,0.0,1.0,symbolic
300536,2023,2,0,0,0,0,1,0.0,1.0,symbolic
300541,2023,6,2,0,0,1,0,0.0,1.3333333333333333,soft_substantive
300542,2023,10,4,5,1,0,0,0.5,2.2,verifiable
300550,2023,3,2,1,1,0,0,0.3333333333333333,1.6666666666666667,verifiable
300551,2023,1,0,0,0,0,1,0.0,2.0,symbolic
300555,2023,3,3,2,1,0,0,0.6666666666666666,3.0,verifiable
300556,2023,3,0,0,0,0,1,0.0,1.0,symbolic
300559,2023,5,2,0,0,1,0,0.0,1.4,soft_substantive
300560,2023,1,0,0,0,0,1,0.0,0.0,symbolic
300562,2023,3,0,0,0,0,1,0.0,1.6666666666666667,symbolic
300563,2023,3,0,0,0,0,1,0.0,1.0,symbolic
300564,2023,3,0,0,0,0,1,0.0,0.6666666666666666,symbolic
300567,2023,1,1,0,0,1,0,0.0,1.0,soft_substantive
300571,2023,8,4,2,1,0,0,0.25,1.375,verifiable
300572,2023,1,1,0,0,1,0,0.0,1.0,soft_substantive
300578,2023,7,1,2,1,0,0,0.2857142857142857,1.2857142857142858,verifiable
300591,2023,2,0,0,0,0,1,0.0,0.5,symbolic
300592,2023,9,2,1,1,0,0,0.1111111111111111,1.3333333333333333,verifiable
300596,2023,2,1,0,0,1,0,0.0,2.0,soft_substantive
300597,2023,1,0,0,0,0,1,0.0,1.0,symbolic
300598,2023,3,1,0,0,1,0,0.0,2.0,soft_substantive
300602,2023,1,0,0,0,0,1,0.0,1.0,symbolic
300603,2023,2,1,0,0,1,0,0.0,1.0,soft_substantive
300604,2023,1,1,0,0,1,0,0.0,1.0,soft_substantive
300607,2023,6,2,2,1,0,0,0.3333333333333333,1.3333333333333333,verifiable
300608,2023,44,11,4,1,0,0,0.09090909090909091,1.3863636363636365,verifiable
300609,2023,2,2,2,1,0,0,1.0,3.0,verifiable
300612,2023,20,6,3,1,0,0,0.15,1.5,verifiable
300613,2023,2,0,0,0,0,1,0.0,1.0,symbolic
300615,2023,1,1,0,0,1,0,0.0,2.0,soft_substantive
300616,2023,2,0,0,0,0,1,0.0,1.0,symbolic
300620,2023,1,0,0,0,0,1,0.0,1.0,symbolic
300623,2023,1,0,0,0,0,1,0.0,0.0,symbolic
300624,2023,36,11,18,1,0,0,0.5,2.138888888888889,verifiable
300625,2023,1,0,0,0,0,1,0.0,2.0,symbolic
300628,2023,2,0,0,0,0,1,0.0,1.0,symbolic
300632,2023,1,1,0,0,1,0,0.0,2.0,soft_substantive
300634,2023,30,8,5,1,0,0,0.16666666666666666,1.3333333333333333,verifiable
300638,2023,2,0,1,1,0,0,0.5,1.5,verifiable
300645,2023,6,1,4,1,0,0,0.6666666666666666,2.5,verifiable
300654,2023,15,3,5,1,0,0,0.3333333333333333,1.7333333333333334,verifiable
300655,2023,1,1,0,0,1,0,0.0,2.0,soft_substantive
300657,2023,13,5,4,1,0,0,0.3076923076923077,2.076923076923077,verifiable
300659,2023,4,1,1,1,0,0,0.25,1.25,verifiable
300661,2023,1,1,1,1,0,0,1.0,3.0,verifiable
300662,2023,1,1,0,0,1,0,0.0,1.0,soft_substantive
300663,2023,17,4,3,1,0,0,0.17647058823529413,1.411764705882353,verifiable
300668,2023,2,1,0,0,1,0,0.0,1.0,soft_substantive
300672,2023,1,0,0,0,0,1,0.0,1.0,symbolic
300674,2023,11,3,4,1,0,0,0.36363636363636365,2.090909090909091,verifiable
300675,2023,1,0,0,0,0,1,0.0,0.0,symbolic
300676,2023,4,2,0,0,1,0,0.0,1.0,soft_substantive
300678,2023,9,1,2,1,0,0,0.2222222222222222,1.3333333333333333,verifiable
300679,2023,1,1,1,1,0,0,1.0,3.0,verifiable
300681,2023,1,1,0,0,1,0,0.0,1.0,soft_substantive
300682,2023,2,0,1,1,0,0,0.5,2.5,verifiable
300684,2023,1,0,0,0,0,1,0.0,1.0,symbolic
300686,2023,3,0,1,1,0,0,0.3333333333333333,1.6666666666666667,verifiable
300687,2023,5,3,3,1,0,0,0.6,2.2,verifiable
300688,2023,18,9,9,1,0,0,0.5,2.111111111111111,verifiable
300698,2023,3,0,1,1,0,0,0.3333333333333333,1.3333333333333333,verifiable
300703,2023,3,1,0,0,1,0,0.0,1.3333333333333333,soft_substantive
300722,2023,1,0,0,0,0,1,0.0,1.0,symbolic
300725,2023,1,0,1,1,0,0,1.0,3.0,verifiable
300730,2023,3,1,0,0,1,0,0.0,1.3333333333333333,soft_substantive
300738,2023,3,2,0,0,1,0,0.0,2.0,soft_substantive
300740,2023,1,0,0,0,0,1,0.0,1.0,symbolic
300746,2023,1,1,0,0,1,0,0.0,1.0,soft_substantive
300757,2023,3,0,0,0,0,1,0.0,1.0,symbolic
300760,2023,3,0,0,0,0,1,0.0,1.0,symbolic
300766,2023,10,5,6,1,0,0,0.6,2.2,verifiable
300768,2023,4,2,1,1,0,0,0.25,1.25,verifiable
300770,2023,2,1,1,1,0,0,0.5,2.5,verifiable
300773,2023,4,0,2,1,0,0,0.5,2.0,verifiable
300778,2023,3,0,0,0,0,1,0.0,1.0,symbolic
300781,2023,47,17,12,1,0,0,0.2553191489361702,1.9574468085106382,verifiable
300785,2023,34,8,6,1,0,0,0.17647058823529413,1.411764705882353,verifiable
300788,2023,8,0,1,1,0,0,0.125,1.125,verifiable
300789,2023,1,0,0,0,0,1,0.0,1.0,symbolic
300796,2023,1,1,0,0,1,0,0.0,2.0,soft_substantive
300798,2023,2,1,1,1,0,0,0.5,1.5,verifiable
300799,2023,1,1,0,0,1,0,0.0,1.0,soft_substantive
300803,2023,3,0,0,0,0,1,0.0,0.6666666666666666,symbolic
300805,2023,6,1,1,1,0,0,0.16666666666666666,1.0,verifiable
300806,2023,2,0,0,0,0,1,0.0,1.5,symbolic
300811,2023,2,1,1,1,0,0,0.5,2.5,verifiable
300813,2023,1,0,0,0,0,1,0.0,1.0,symbolic
300816,2023,1,0,0,0,0,1,0.0,1.0,symbolic
300825,2023,21,5,5,1,0,0,0.23809523809523808,1.4761904761904763,verifiable
300827,2023,1,1,0,0,1,0,0.0,1.0,soft_substantive
300830,2023,26,8,4,1,0,0,0.15384615384615385,1.5384615384615385,verifiable
300836,2023,1,1,0,0,1,0,0.0,1.0,soft_substantive
300837,2023,2,0,0,0,0,1,0.0,1.5,symbolic
300840,2023,9,3,1,1,0,0,0.1111111111111111,1.6666666666666667,verifiable
300846,2023,24,10,5,1,0,0,0.20833333333333334,1.7083333333333333,verifiable
300851,2023,1,0,0,0,0,1,0.0,1.0,symbolic
300853,2023,5,1,0,0,1,0,0.0,1.4,soft_substantive
300856,2023,2,2,1,1,0,0,0.5,3.0,verifiable
300857,2023,8,3,1,1,0,0,0.125,1.25,verifiable
300866,2023,1,1,0,0,1,0,0.0,1.0,soft_substantive
300870,2023,9,5,3,1,0,0,0.3333333333333333,1.7777777777777777,verifiable
300872,2023,12,1,4,1,0,0,0.3333333333333333,1.8333333333333333,verifiable
300873,2023,3,3,0,0,1,0,0.0,1.3333333333333333,soft_substantive
300884,2023,11,6,1,1,0,0,0.09090909090909091,1.5454545454545454,verifiable
300887,2023,5,1,0,0,1,0,0.0,1.0,soft_substantive
300895,2023,4,0,1,1,0,0,0.25,1.5,verifiable
300902,2023,2,0,0,0,0,1,0.0,0.5,symbolic
300913,2023,1,0,0,0,0,1,0.0,1.0,symbolic
300916,2023,1,1,0,0,1,0,0.0,1.0,soft_substantive
300918,2023,1,0,0,0,0,1,0.0,0.0,symbolic
300921,2023,6,1,0,0,1,0,0.0,1.3333333333333333,soft_substantive
300925,2023,14,9,1,1,0,0,0.07142857142857142,1.7142857142857142,verifiable
300926,2023,1,0,0,0,0,1,0.0,1.0,symbolic
300928,2023,1,0,0,0,0,1,0.0,1.0,symbolic
300937,2023,1,0,0,0,0,1,0.0,1.0,symbolic
300941,2023,1,1,0,0,1,0,0.0,2.0,soft_substantive
300946,2023,1,0,0,0,0,1,0.0,2.0,symbolic
300949,2023,8,2,0,0,1,0,0.0,0.875,soft_substantive
300956,2023,4,0,2,1,0,0,0.5,1.5,verifiable
300957,2023,2,0,0,0,0,1,0.0,0.0,symbolic
300968,2023,1,0,0,0,0,1,0.0,0.0,symbolic
300975,2023,2,0,0,0,0,1,0.0,1.0,symbolic
300976,2023,3,0,0,0,0,1,0.0,1.3333333333333333,symbolic
300977,2023,2,0,0,0,0,1,0.0,0.5,symbolic
300982,2023,1,0,0,0,0,1,0.0,1.0,symbolic
300983,2023,5,2,0,0,1,0,0.0,0.6,soft_substantive
300987,2023,1,0,0,0,0,1,0.0,1.0,symbolic
300989,2023,15,3,2,1,0,0,0.13333333333333333,1.3333333333333333,verifiable
300990,2023,1,0,0,0,0,1,0.0,1.0,symbolic
300996,2023,7,1,0,0,1,0,0.0,1.1428571428571428,soft_substantive
301001,2023,8,4,0,0,1,0,0.0,1.375,soft_substantive
301006,2023,1,0,0,0,0,1,0.0,0.0,symbolic
301013,2023,2,1,0,0,1,0,0.0,1.0,soft_substantive
301017,2023,2,0,0,0,0,1,0.0,1.5,symbolic
301018,2023,2,0,0,0,0,1,0.0,1.0,symbolic
301024,2023,1,0,0,0,0,1,0.0,1.0,symbolic
301027,2023,2,0,0,0,0,1,0.0,1.0,symbolic
301033,2023,1,0,0,0,0,1,0.0,1.0,symbolic
301041,2023,3,1,0,0,1,0,0.0,1.0,soft_substantive
301052,2023,4,2,4,1,0,0,1.0,2.75,verifiable
301066,2023,4,2,1,1,0,0,0.25,1.75,verifiable
301078,2023,7,3,2,1,0,0,0.2857142857142857,1.1428571428571428,verifiable
301080,2023,1,1,0,0,1,0,0.0,1.0,soft_substantive
301085,2023,13,2,0,0,1,0,0.0,1.2307692307692308,soft_substantive
301089,2023,1,0,0,0,0,1,0.0,2.0,symbolic
301091,2023,12,6,1,1,0,0,0.08333333333333333,1.25,verifiable
301092,2023,1,1,0,0,1,0,0.0,1.0,soft_substantive
301095,2023,2,1,0,0,1,0,0.0,1.0,soft_substantive
301102,2023,1,1,0,0,1,0,0.0,2.0,soft_substantive
301109,2023,1,1,1,1,0,0,1.0,2.0,verifiable
301110,2023,2,2,1,1,0,0,0.5,1.5,verifiable
301117,2023,1,1,0,0,1,0,0.0,0.0,soft_substantive
301123,2023,2,1,0,0,1,0,0.0,1.0,soft_substantive
301128,2023,3,0,0,0,0,1,0.0,1.3333333333333333,symbolic
301129,2023,1,1,1,1,0,0,1.0,2.0,verifiable
301136,2023,1,1,0,0,1,0,0.0,2.0,soft_substantive
301139,2023,1,0,0,0,0,1,0.0,2.0,symbolic
301152,2023,1,1,0,0,1,0,0.0,2.0,soft_substantive
301159,2023,8,4,0,0,1,0,0.0,1.25,soft_substantive
301162,2023,10,2,2,1,0,0,0.2,1.4,verifiable
301165,2023,3,1,1,1,0,0,0.3333333333333333,2.3333333333333335,verifiable
301167,2023,1,0,1,1,0,0,1.0,2.0,verifiable
301169,2023,2,0,1,1,0,0,0.5,1.5,verifiable
301171,2023,14,4,3,1,0,0,0.21428571428571427,2.142857142857143,verifiable
301177,2023,1,0,0,0,0,1,0.0,1.0,symbolic
301183,2023,1,0,0,0,0,1,0.0,1.0,symbolic
301185,2023,3,2,2,1,0,0,0.6666666666666666,2.0,verifiable
301187,2023,1,0,0,0,0,1,0.0,2.0,symbolic
301191,2023,4,0,1,1,0,0,0.25,1.25,verifiable
301193,2023,1,0,0,0,0,1,0.0,1.0,symbolic
301200,2023,4,1,0,0,1,0,0.0,1.0,soft_substantive
301205,2023,1,0,0,0,0,1,0.0,2.0,symbolic
301213,2023,1,0,0,0,0,1,0.0,0.0,symbolic
301221,2023,2,0,1,1,0,0,0.5,2.5,verifiable
301230,2023,1,0,0,0,0,1,0.0,1.0,symbolic
301236,2023,59,25,23,1,0,0,0.3898305084745763,2.0508474576271185,verifiable
301248,2023,3,0,0,0,0,1,0.0,0.6666666666666666,symbolic
301260,2023,1,0,0,0,0,1,0.0,1.0,symbolic
301262,2023,3,0,1,1,0,0,0.3333333333333333,1.0,verifiable
301270,2023,11,4,4,1,0,0,0.36363636363636365,1.6363636363636365,verifiable
301282,2023,1,0,0,0,0,1,0.0,0.0,symbolic
301285,2023,1,0,0,0,0,1,0.0,0.0,symbolic
301287,2023,2,0,0,0,0,1,0.0,1.0,symbolic
301288,2023,1,0,0,0,0,1,0.0,2.0,symbolic
301292,2023,1,1,1,1,0,0,1.0,2.0,verifiable
301299,2023,4,2,3,1,0,0,0.75,3.25,verifiable
301301,2023,2,1,0,0,1,0,0.0,1.5,soft_substantive
301302,2023,1,0,0,0,0,1,0.0,1.0,symbolic
301308,2023,3,1,1,1,0,0,0.3333333333333333,1.6666666666666667,verifiable
301312,2023,1,0,0,0,0,1,0.0,2.0,symbolic
301313,2023,8,3,1,1,0,0,0.125,1.75,verifiable
301315,2023,9,2,3,1,0,0,0.3333333333333333,2.0,verifiable
301316,2023,15,5,1,1,0,0,0.06666666666666667,1.5333333333333334,verifiable
301318,2023,1,0,0,0,0,1,0.0,1.0,symbolic
301328,2023,1,1,0,0,1,0,0.0,1.0,soft_substantive
301330,2023,17,10,3,1,0,0,0.17647058823529413,1.3529411764705883,verifiable
301337,2023,1,0,0,0,0,1,0.0,1.0,symbolic
301338,2023,1,0,0,0,0,1,0.0,1.0,symbolic
301348,2023,1,1,1,1,0,0,1.0,2.0,verifiable
301356,2023,1,0,0,0,0,1,0.0,0.0,symbolic
301360,2023,1,1,0,0,1,0,0.0,1.0,soft_substantive
301366,2023,1,0,0,0,0,1,0.0,1.0,symbolic
301372,2023,1,1,0,0,1,0,0.0,1.0,soft_substantive
301378,2023,13,5,6,1,0,0,0.46153846153846156,2.0,verifiable
301380,2023,2,0,0,0,0,1,0.0,1.0,symbolic
301381,2023,3,2,1,1,0,0,0.3333333333333333,2.0,verifiable
301382,2023,5,3,0,0,1,0,0.0,1.4,soft_substantive
301390,2023,1,1,1,1,0,0,1.0,2.0,verifiable
301396,2023,5,2,2,1,0,0,0.4,1.8,verifiable
301428,2023,1,1,0,0,1,0,0.0,2.0,soft_substantive
301487,2023,1,1,1,1,0,0,1.0,3.0,verifiable
301489,2023,1,0,0,0,0,1,0.0,1.0,symbolic
301499,2023,2,1,0,0,1,0,0.0,2.0,soft_substantive
301510,2023,1,0,1,1,0,0,1.0,2.0,verifiable
301512,2023,1,0,0,0,0,1,0.0,1.0,symbolic
301536,2023,2,2,0,0,1,0,0.0,1.0,soft_substantive
301558,2023,3,2,0,0,1,0,0.0,1.6666666666666667,soft_substantive
430047,2023,1,1,0,0,1,0,0.0,0.0,soft_substantive
600000,2023,1,1,1,1,0,0,1.0,3.0,verifiable
600012,2023,6,2,0,0,1,0,0.0,0.8333333333333334,soft_substantive
600015,2023,2,1,0,0,1,0,0.0,1.5,soft_substantive
600016,2023,3,0,0,0,0,1,0.0,1.3333333333333333,symbolic
600018,2023,1,0,0,0,0,1,0.0,1.0,symbolic
600021,2023,1,0,0,0,0,1,0.0,2.0,symbolic
600025,2023,1,1,1,1,0,0,1.0,2.0,verifiable
600030,2023,1,0,0,0,0,1,0.0,1.0,symbolic
600031,2023,1,0,0,0,0,1,0.0,1.0,symbolic
600036,2023,2,0,0,0,0,1,0.0,0.5,symbolic
600039,2023,1,1,0,0,1,0,0.0,1.0,soft_substantive
600050,2023,5,0,1,1,0,0,0.2,2.0,verifiable
600060,2023,2,0,0,0,0,1,0.0,1.5,symbolic
600063,2023,28,8,4,1,0,0,0.14285714285714285,1.4642857142857142,verifiable
600083,2023,1,0,0,0,0,1,0.0,1.0,symbolic
600088,2023,3,1,0,0,1,0,0.0,1.0,soft_substantive
600100,2023,11,0,3,1,0,0,0.2727272727272727,1.8181818181818181,verifiable
600104,2023,2,0,1,1,0,0,0.5,1.5,verifiable
600109,2023,1,1,0,0,1,0,0.0,2.0,soft_substantive
600130,2023,1,0,0,0,0,1,0.0,1.0,symbolic
600131,2023,1,0,1,1,0,0,1.0,3.0,verifiable
600170,2023,1,0,1,1,0,0,1.0,2.0,verifiable
600180,2023,1,0,0,0,0,1,0.0,2.0,symbolic
600183,2023,1,1,0,0,1,0,0.0,1.0,soft_substantive
600186,2023,1,0,0,0,0,1,0.0,1.0,symbolic
600196,2023,2,1,0,0,1,0,0.0,1.0,soft_substantive
600201,2023,1,0,0,0,0,1,0.0,1.0,symbolic
600228,2023,2,1,1,1,0,0,0.5,1.5,verifiable
600229,2023,6,1,1,1,0,0,0.16666666666666666,1.6666666666666667,verifiable
600233,2023,3,0,2,1,0,0,0.6666666666666666,1.6666666666666667,verifiable
600246,2023,5,0,0,0,0,1,0.0,0.6,symbolic
600261,2023,1,0,0,0,0,1,0.0,2.0,symbolic
600262,2023,1,0,0,0,0,1,0.0,2.0,symbolic
600271,2023,5,1,0,0,1,0,0.0,1.2,soft_substantive
600276,2023,2,0,0,0,0,1,0.0,1.0,symbolic
600289,2023,7,3,1,1,0,0,0.14285714285714285,1.4285714285714286,verifiable
600315,2023,1,0,0,0,0,1,0.0,1.0,symbolic
600329,2023,1,1,1,1,0,0,1.0,3.0,verifiable
600330,2023,1,0,0,0,0,1,0.0,1.0,symbolic
600338,2023,1,0,0,0,0,1,0.0,0.0,symbolic
600345,2023,1,0,0,0,0,1,0.0,1.0,symbolic
600373,2023,1,0,0,0,0,1,0.0,0.0,symbolic
600405,2023,1,1,0,0,1,0,0.0,1.0,soft_substantive
600410,2023,11,3,3,1,0,0,0.2727272727272727,2.090909090909091,verifiable
600415,2023,6,2,2,1,0,0,0.3333333333333333,1.6666666666666667,verifiable
600433,2023,1,1,0,0,1,0,0.0,1.0,soft_substantive
600446,2023,3,0,0,0,0,1,0.0,1.0,symbolic
600470,2023,1,1,0,0,1,0,0.0,2.0,soft_substantive
600487,2023,1,0,0,0,0,1,0.0,1.0,symbolic
600498,2023,3,0,1,1,0,0,0.3333333333333333,1.3333333333333333,verifiable
600522,2023,1,1,0,0,1,0,0.0,2.0,soft_substantive
600525,2023,3,0,0,0,0,1,0.0,0.6666666666666666,symbolic
600535,2023,4,1,1,1,0,0,0.25,2.0,verifiable
600536,2023,1,0,0,0,0,1,0.0,1.0,symbolic
600551,2023,2,2,0,0,1,0,0.0,0.5,soft_substantive
600556,2023,9,0,0,0,0,1,0.0,1.5555555555555556,symbolic
600565,2023,1,1,1,1,0,0,1.0,3.0,verifiable
600570,2023,9,3,1,1,0,0,0.1111111111111111,1.5555555555555556,verifiable
600571,2023,5,0,0,0,0,1,0.0,1.0,symbolic
600576,2023,3,0,0,0,0,1,0.0,1.0,symbolic
600577,2023,1,0,0,0,0,1,0.0,1.0,symbolic
600582,2023,1,0,0,0,0,1,0.0,1.0,symbolic
600584,2023,2,1,0,0,1,0,0.0,1.5,soft_substantive
600585,2023,2,1,1,1,0,0,0.5,1.0,verifiable
600588,2023,14,6,2,1,0,0,0.14285714285714285,1.5714285714285714,verifiable
600589,2023,5,2,0,0,1,0,0.0,1.6,soft_substantive
600594,2023,4,1,1,1,0,0,0.25,1.75,verifiable
600596,2023,1,0,0,0,0,1,0.0,1.0,symbolic
600602,2023,4,2,2,1,0,0,0.5,2.0,verifiable
600611,2023,3,0,0,0,0,1,0.0,1.0,symbolic
600621,2023,1,0,1,1,0,0,1.0,2.0,verifiable
600624,2023,1,0,0,0,0,1,0.0,1.0,symbolic
600630,2023,5,0,0,0,0,1,0.0,1.0,symbolic
600633,2023,3,1,1,1,0,0,0.3333333333333333,1.3333333333333333,verifiable
600637,2023,4,1,2,1,0,0,0.5,1.75,verifiable
600640,2023,15,4,5,1,0,0,0.3333333333333333,1.3333333333333333,verifiable
600648,2023,1,0,0,0,0,1,0.0,2.0,symbolic
600651,2023,1,0,0,0,0,1,0.0,1.0,symbolic
600654,2023,1,0,0,0,0,1,0.0,1.0,symbolic
600655,2023,1,0,0,0,0,1,0.0,0.0,symbolic
600662,2023,1,0,0,0,0,1,0.0,1.0,symbolic
600666,2023,6,0,0,0,0,1,0.0,1.3333333333333333,symbolic
600678,2023,1,0,0,0,0,1,0.0,1.0,symbolic
600684,2023,1,0,0,0,0,1,0.0,1.0,symbolic
600690,2023,2,0,0,0,0,1,0.0,1.0,symbolic
600699,2023,1,0,0,0,0,1,0.0,2.0,symbolic
600718,2023,9,3,4,1,0,0,0.4444444444444444,2.0,verifiable
600728,2023,34,12,16,1,0,0,0.47058823529411764,2.1470588235294117,verifiable
600730,2023,9,1,0,0,1,0,0.0,1.1111111111111112,soft_substantive
600733,2023,1,0,0,0,0,1,0.0,1.0,symbolic
600734,2023,5,1,1,1,0,0,0.2,1.8,verifiable
600736,2023,1,0,0,0,0,1,0.0,1.0,symbolic
600745,2023,6,2,0,0,1,0,0.0,1.3333333333333333,soft_substantive
600757,2023,3,1,0,0,1,0,0.0,0.3333333333333333,soft_substantive
600775,2023,1,0,0,0,0,1,0.0,0.0,symbolic
600776,2023,1,0,0,0,0,1,0.0,0.0,symbolic
600797,2023,21,7,8,1,0,0,0.38095238095238093,1.619047619047619,verifiable
600798,2023,1,0,1,1,0,0,1.0,3.0,verifiable
600803,2023,3,0,1,1,0,0,0.3333333333333333,2.0,verifiable
600804,2023,4,1,0,0,1,0,0.0,1.5,soft_substantive
600821,2023,1,0,0,0,0,1,0.0,1.0,symbolic
600823,2023,1,0,0,0,0,1,0.0,2.0,symbolic
600828,2023,1,0,0,0,0,1,0.0,1.0,symbolic
600837,2023,3,2,1,1,0,0,0.3333333333333333,1.6666666666666667,verifiable
600839,2023,2,0,1,1,0,0,0.5,2.5,verifiable
600845,2023,5,1,1,1,0,0,0.2,1.6,verifiable
600850,2023,5,1,0,0,1,0,0.0,1.4,soft_substantive
600880,2023,3,1,0,0,1,0,0.0,0.3333333333333333,soft_substantive
600906,2023,1,0,0,0,0,1,0.0,2.0,symbolic
600909,2023,1,0,0,0,0,1,0.0,0.0,symbolic
600919,2023,1,1,0,0,1,0,0.0,2.0,soft_substantive
600927,2023,1,0,0,0,0,1,0.0,0.0,symbolic
600958,2023,2,1,1,1,0,0,0.5,2.5,verifiable
600960,2023,1,0,0,0,0,1,0.0,0.0,symbolic
600970,2023,1,0,0,0,0,1,0.0,0.0,symbolic
600977,2023,1,0,0,0,0,1,0.0,2.0,symbolic
600986,2023,16,6,6,1,0,0,0.375,1.5625,verifiable
600998,2023,1,1,1,1,0,0,1.0,4.0,verifiable
600999,2023,2,1,1,1,0,0,0.5,1.5,verifiable
601005,2023,1,0,0,0,0,1,0.0,0.0,symbolic
601009,2023,1,0,0,0,0,1,0.0,1.0,symbolic
601019,2023,3,1,0,0,1,0,0.0,0.6666666666666666,soft_substantive
601058,2023,2,0,0,0,0,1,0.0,2.5,symbolic
601083,2023,1,0,0,0,0,1,0.0,2.0,symbolic
601098,2023,1,0,0,0,0,1,0.0,1.0,symbolic
601137,2023,3,1,0,0,1,0,0.0,1.3333333333333333,soft_substantive
601138,2023,11,2,0,0,1,0,0.0,1.0,soft_substantive
601166,2023,2,0,1,1,0,0,0.5,2.0,verifiable
601169,2023,4,3,2,1,0,0,0.5,2.75,verifiable
601208,2023,1,0,0,0,0,1,0.0,1.0,symbolic
601211,2023,1,1,0,0,1,0,0.0,2.0,soft_substantive
601222,2023,1,0,0,0,0,1,0.0,1.0,symbolic
601229,2023,2,1,1,1,0,0,0.5,2.0,verifiable
601231,2023,4,1,0,0,1,0,0.0,1.0,soft_substantive
601318,2023,1,0,0,0,0,1,0.0,1.0,symbolic
601328,2023,1,0,0,0,0,1,0.0,1.0,symbolic
601330,2023,1,1,0,0,1,0,0.0,1.0,soft_substantive
601360,2023,62,16,11,1,0,0,0.1774193548387097,1.3870967741935485,verifiable
601398,2023,5,4,3,1,0,0,0.6,2.0,verifiable
601456,2023,1,1,0,0,1,0,0.0,2.0,soft_substantive
601519,2023,3,2,0,0,1,0,0.0,1.3333333333333333,soft_substantive
601577,2023,3,1,1,1,0,0,0.3333333333333333,1.6666666666666667,verifiable
601595,2023,1,0,0,0,0,1,0.0,2.0,symbolic
601599,2023,7,1,2,1,0,0,0.2857142857142857,1.8571428571428572,verifiable
601616,2023,1,0,0,0,0,1,0.0,0.0,symbolic
601633,2023,1,0,0,0,0,1,0.0,1.0,symbolic
601658,2023,6,2,2,1,0,0,0.3333333333333333,1.5,verifiable
601728,2023,16,10,5,1,0,0,0.3125,1.6875,verifiable
601801,2023,3,1,1,1,0,0,0.3333333333333333,1.6666666666666667,verifiable
601811,2023,1,0,0,0,0,1,0.0,0.0,symbolic
601825,2023,1,1,0,0,1,0,0.0,2.0,soft_substantive
601858,2023,1,0,0,0,0,1,0.0,1.0,symbolic
601869,2023,1,1,0,0,1,0,0.0,2.0,soft_substantive
601872,2023,1,0,0,0,0,1,0.0,1.0,symbolic
601877,2023,1,1,0,0,1,0,0.0,1.0,soft_substantive
601901,2023,1,0,1,1,0,0,1.0,2.0,verifiable
601921,2023,2,0,0,0,0,1,0.0,1.0,symbolic
601928,2023,3,0,0,0,0,1,0.0,0.3333333333333333,symbolic
601939,2023,7,1,2,1,0,0,0.2857142857142857,2.142857142857143,verifiable
601988,2023,1,1,0,0,1,0,0.0,2.0,soft_substantive
601992,2023,1,0,0,0,0,1,0.0,1.0,symbolic
601995,2023,1,0,0,0,0,1,0.0,2.0,symbolic
601998,2023,1,1,1,1,0,0,1.0,2.0,verifiable
603000,2023,6,3,2,1,0,0,0.3333333333333333,1.5,verifiable
603003,2023,2,0,0,0,0,1,0.0,1.5,symbolic
603004,2023,2,0,0,0,0,1,0.0,1.0,symbolic
603007,2023,1,0,0,0,0,1,0.0,1.0,symbolic
603009,2023,1,1,0,0,1,0,0.0,1.0,soft_substantive
603017,2023,1,0,0,0,0,1,0.0,1.0,symbolic
603018,2023,1,1,1,1,0,0,1.0,2.0,verifiable
603019,2023,8,3,3,1,0,0,0.375,1.625,verifiable
603031,2023,1,0,0,0,0,1,0.0,2.0,symbolic
603033,2023,2,0,0,0,0,1,0.0,1.0,symbolic
603039,2023,11,7,1,1,0,0,0.09090909090909091,2.0,verifiable
603083,2023,1,0,1,1,0,0,1.0,2.0,verifiable
603096,2023,3,0,0,0,0,1,0.0,0.6666666666666666,symbolic
603103,2023,1,0,0,0,0,1,0.0,1.0,symbolic
603106,2023,9,0,2,1,0,0,0.2222222222222222,1.3333333333333333,verifiable
603108,2023,6,2,0,0,1,0,0.0,1.5,soft_substantive
603110,2023,4,0,0,0,0,1,0.0,1.0,symbolic
603116,2023,4,1,1,1,0,0,0.25,1.0,verifiable
603117,2023,1,0,0,0,0,1,0.0,1.0,symbolic
603128,2023,1,0,0,0,0,1,0.0,1.0,symbolic
603150,2023,1,1,0,0,1,0,0.0,2.0,soft_substantive
603160,2023,1,0,0,0,0,1,0.0,1.0,symbolic
603162,2023,2,0,0,0,0,1,0.0,1.0,symbolic
603171,2023,22,6,1,1,0,0,0.045454545454545456,1.5454545454545454,verifiable
603180,2023,1,0,0,0,0,1,0.0,1.0,symbolic
603186,2023,1,0,0,0,0,1,0.0,1.0,symbolic
603189,2023,17,5,0,0,1,0,0.0,1.0,soft_substantive
603196,2023,2,2,0,0,1,0,0.0,1.0,soft_substantive
603200,2023,2,0,0,0,0,1,0.0,1.0,symbolic
603209,2023,1,1,1,1,0,0,1.0,2.0,verifiable
603215,2023,2,2,1,1,0,0,0.5,3.0,verifiable
603220,2023,2,0,1,1,0,0,0.5,2.0,verifiable
603221,2023,1,0,0,0,0,1,0.0,1.0,symbolic
603223,2023,1,0,0,0,0,1,0.0,1.0,symbolic
603236,2023,7,1,1,1,0,0,0.14285714285714285,1.2857142857142858,verifiable
603296,2023,5,1,1,1,0,0,0.2,1.4,verifiable
603322,2023,4,2,1,1,0,0,0.25,1.5,verifiable
603323,2023,1,0,0,0,0,1,0.0,1.0,symbolic
603324,2023,1,0,0,0,0,1,0.0,1.0,symbolic
603326,2023,1,0,0,0,0,1,0.0,1.0,symbolic
603327,2023,1,0,0,0,0,1,0.0,1.0,symbolic
603333,2023,1,1,0,0,1,0,0.0,1.0,soft_substantive
603337,2023,1,0,0,0,0,1,0.0,1.0,symbolic
603341,2023,1,0,0,0,0,1,0.0,1.0,symbolic
603357,2023,3,1,0,0,1,0,0.0,1.3333333333333333,soft_substantive
603366,2023,1,0,0,0,0,1,0.0,2.0,symbolic
603378,2023,1,0,0,0,0,1,0.0,0.0,symbolic
603383,2023,1,0,1,1,0,0,1.0,2.0,verifiable
603386,2023,1,0,0,0,0,1,0.0,2.0,symbolic
603421,2023,1,1,1,1,0,0,1.0,2.0,verifiable
603444,2023,2,1,0,0,1,0,0.0,1.5,soft_substantive
603466,2023,6,1,0,0,1,0,0.0,1.5,soft_substantive
603486,2023,4,1,0,0,1,0,0.0,1.0,soft_substantive
603496,2023,15,0,0,0,0,1,0.0,0.6666666666666666,symbolic
603518,2023,2,0,0,0,0,1,0.0,1.0,symbolic
603528,2023,1,0,0,0,0,1,0.0,1.0,symbolic
603533,2023,8,1,1,1,0,0,0.125,1.75,verifiable
603535,2023,1,0,0,0,0,1,0.0,1.0,symbolic
603569,2023,2,1,1,1,0,0,0.5,1.5,verifiable
603598,2023,6,2,0,0,1,0,0.0,0.8333333333333334,soft_substantive
603602,2023,3,1,0,0,1,0,0.0,1.3333333333333333,soft_substantive
603608,2023,7,3,1,1,0,0,0.14285714285714285,0.8571428571428571,verifiable
603613,2023,1,1,0,0,1,0,0.0,1.0,soft_substantive
603633,2023,4,0,0,0,0,1,0.0,1.0,symbolic
603636,2023,46,20,15,1,0,0,0.32608695652173914,1.8043478260869565,verifiable
603638,2023,1,1,0,0,1,0,0.0,0.0,soft_substantive
603650,2023,1,0,0,0,0,1,0.0,1.0,symbolic
603659,2023,1,0,0,0,0,1,0.0,1.0,symbolic
603660,2023,24,5,2,1,0,0,0.08333333333333333,1.3333333333333333,verifiable
603666,2023,7,0,1,1,0,0,0.14285714285714285,1.4285714285714286,verifiable
603676,2023,1,0,0,0,0,1,0.0,0.0,symbolic
603700,2023,1,0,0,0,0,1,0.0,0.0,symbolic
603713,2023,1,0,0,0,0,1,0.0,1.0,symbolic
603721,2023,4,2,0,0,1,0,0.0,1.0,soft_substantive
603727,2023,2,0,0,0,0,1,0.0,1.0,symbolic
603738,2023,1,0,0,0,0,1,0.0,2.0,symbolic
603766,2023,1,0,0,0,0,1,0.0,2.0,symbolic
603790,2023,3,1,0,0,1,0,0.0,1.3333333333333333,soft_substantive
603803,2023,1,1,1,1,0,0,1.0,2.0,verifiable
603806,2023,1,0,0,0,0,1,0.0,1.0,symbolic
603825,2023,3,1,0,0,1,0,0.0,1.0,soft_substantive
603833,2023,1,1,0,0,1,0,0.0,3.0,soft_substantive
603839,2023,1,0,0,0,0,1,0.0,1.0,symbolic
603859,2023,12,6,5,1,0,0,0.4166666666666667,2.0833333333333335,verifiable
603869,2023,10,4,1,1,0,0,0.1,1.7,verifiable
603881,2023,2,1,2,1,0,0,1.0,3.5,verifiable
603882,2023,11,2,3,1,0,0,0.2727272727272727,1.4545454545454546,verifiable
603887,2023,2,0,0,0,0,1,0.0,1.0,symbolic
603888,2023,4,0,1,1,0,0,0.25,1.75,verifiable
603890,2023,1,0,0,0,0,1,0.0,2.0,symbolic
603893,2023,10,5,6,1,0,0,0.6,2.4,verifiable
603912,2023,1,0,0,0,0,1,0.0,0.0,symbolic
603918,2023,2,0,0,0,0,1,0.0,1.5,symbolic
603920,2023,3,0,0,0,0,1,0.0,1.3333333333333333,symbolic
603927,2023,19,3,6,1,0,0,0.3157894736842105,2.210526315789474,verifiable
603936,2023,2,0,0,0,0,1,0.0,1.5,symbolic
603960,2023,3,1,0,0,1,0,0.0,1.3333333333333333,soft_substantive
603977,2023,2,0,0,0,0,1,0.0,1.0,symbolic
603985,2023,3,0,0,0,0,1,0.0,1.0,symbolic
603990,2023,1,0,0,0,0,1,0.0,2.0,symbolic
603999,2023,3,1,0,0,1,0,0.0,0.3333333333333333,soft_substantive
605069,2023,4,0,0,0,0,1,0.0,1.5,symbolic
605111,2023,2,0,0,0,0,1,0.0,1.0,symbolic
605168,2023,3,0,0,0,0,1,0.0,1.6666666666666667,symbolic
605196,2023,1,1,0,0,1,0,0.0,1.0,soft_substantive
605277,2023,3,0,0,0,0,1,0.0,1.3333333333333333,symbolic
605289,2023,2,0,1,1,0,0,0.5,1.5,verifiable
605299,2023,1,0,0,0,0,1,0.0,1.0,symbolic
605358,2023,2,0,0,0,0,1,0.0,0.5,symbolic
605365,2023,3,0,0,0,0,1,0.0,1.6666666666666667,symbolic
605378,2023,1,0,0,0,0,1,0.0,1.0,symbolic
605398,2023,10,1,1,1,0,0,0.1,1.4,verifiable
605577,2023,2,0,0,0,0,1,0.0,1.0,symbolic
688001,2023,1,1,0,0,1,0,0.0,1.0,soft_substantive
688003,2023,5,2,3,1,0,0,0.6,1.6,verifiable
688004,2023,16,5,4,1,0,0,0.25,1.25,verifiable
688006,2023,2,2,0,0,1,0,0.0,0.0,soft_substantive
688007,2023,3,1,1,1,0,0,0.3333333333333333,1.6666666666666667,verifiable
688008,2023,12,2,1,1,0,0,0.08333333333333333,1.5,verifiable
688009,2023,2,1,0,0,1,0,0.0,1.0,soft_substantive
688018,2023,5,1,0,0,1,0,0.0,1.4,soft_substantive
688020,2023,1,0,0,0,0,1,0.0,1.0,symbolic
688023,2023,26,9,5,1,0,0,0.19230769230769232,1.5384615384615385,verifiable
688030,2023,4,0,0,0,0,1,0.0,1.25,symbolic
688031,2023,35,10,3,1,0,0,0.08571428571428572,1.4857142857142858,verifiable
688035,2023,1,1,0,0,1,0,0.0,1.0,soft_substantive
688036,2023,17,1,1,1,0,0,0.058823529411764705,1.1764705882352942,verifiable
688038,2023,5,1,0,0,1,0,0.0,1.2,soft_substantive
688039,2023,35,13,5,1,0,0,0.14285714285714285,1.3714285714285714,verifiable
688041,2023,9,2,1,1,0,0,0.1111111111111111,1.4444444444444444,verifiable
688045,2023,1,1,0,0,1,0,0.0,3.0,soft_substantive
688046,2023,1,0,0,0,0,1,0.0,1.0,symbolic
688047,2023,2,2,0,0,1,0,0.0,2.0,soft_substantive
688049,2023,6,0,1,1,0,0,0.16666666666666666,0.8333333333333334,verifiable
688051,2023,28,13,4,1,0,0,0.14285714285714285,1.3214285714285714,verifiable
688052,2023,1,0,0,0,0,1,0.0,1.0,symbolic
688053,2023,1,1,0,0,1,0,0.0,1.0,soft_substantive
688058,2023,15,7,2,1,0,0,0.13333333333333333,1.4666666666666666,verifiable
688066,2023,13,7,4,1,0,0,0.3076923076923077,1.6923076923076923,verifiable
688078,2023,7,3,2,1,0,0,0.2857142857142857,1.2857142857142858,verifiable
688080,2023,1,1,0,0,1,0,0.0,2.0,soft_substantive
688083,2023,5,1,1,1,0,0,0.2,2.0,verifiable
688088,2023,38,8,6,1,0,0,0.15789473684210525,1.368421052631579,verifiable
688092,2023,3,0,0,0,0,1,0.0,1.3333333333333333,symbolic
688095,2023,12,5,1,1,0,0,0.08333333333333333,1.0833333333333333,verifiable
688099,2023,1,0,0,0,0,1,0.0,2.0,symbolic
688105,2023,1,0,0,0,0,1,0.0,1.0,symbolic
688107,2023,6,1,1,1,0,0,0.16666666666666666,2.0,verifiable
688108,2023,1,0,0,0,0,1,0.0,1.0,symbolic
688109,2023,1,0,0,0,0,1,0.0,1.0,symbolic
688110,2023,2,0,0,0,0,1,0.0,1.5,symbolic
688111,2023,11,5,3,1,0,0,0.2727272727272727,1.6363636363636365,verifiable
688114,2023,2,0,0,0,0,1,0.0,1.0,symbolic
688118,2023,4,1,1,1,0,0,0.25,1.25,verifiable
688125,2023,2,0,0,0,0,1,0.0,1.5,symbolic
688127,2023,1,0,0,0,0,1,0.0,1.0,symbolic
688130,2023,1,1,0,0,1,0,0.0,1.0,soft_substantive
688132,2023,9,4,0,0,1,0,0.0,1.3333333333333333,soft_substantive
688141,2023,1,1,1,1,0,0,1.0,3.0,verifiable
688143,2023,1,1,0,0,1,0,0.0,1.0,soft_substantive
688152,2023,2,0,0,0,0,1,0.0,0.5,symbolic
688153,2023,1,0,0,0,0,1,0.0,0.0,symbolic
688157,2023,2,1,0,0,1,0,0.0,1.0,soft_substantive
688158,2023,39,9,10,1,0,0,0.2564102564102564,1.5897435897435896,verifiable
688159,2023,1,0,0,0,0,1,0.0,1.0,symbolic
688161,2023,1,0,0,0,0,1,0.0,0.0,symbolic
688165,2023,1,0,0,0,0,1,0.0,1.0,symbolic
688168,2023,5,1,1,1,0,0,0.2,2.0,verifiable
688172,2023,1,0,1,1,0,0,1.0,2.0,verifiable
688175,2023,5,2,0,0,1,0,0.0,1.4,soft_substantive
688176,2023,1,0,0,0,0,1,0.0,1.0,symbolic
688180,2023,6,0,0,0,0,1,0.0,0.5,symbolic
688181,2023,1,0,0,0,0,1,0.0,1.0,symbolic
688187,2023,1,1,1,1,0,0,1.0,2.0,verifiable
688191,2023,12,7,4,1,0,0,0.3333333333333333,1.6666666666666667,verifiable
688195,2023,1,0,0,0,0,1,0.0,1.0,symbolic
688200,2023,2,1,0,0,1,0,0.0,1.0,soft_substantive
688205,2023,5,0,1,1,0,0,0.2,1.2,verifiable
688206,2023,1,1,0,0,1,0,0.0,2.0,soft_substantive
688207,2023,37,17,15,1,0,0,0.40540540540540543,2.0,verifiable
688208,2023,2,0,0,0,0,1,0.0,1.0,symbolic
688209,2023,2,0,0,0,0,1,0.0,1.0,symbolic
688210,2023,1,0,0,0,0,1,0.0,1.0,symbolic
688215,2023,5,1,0,0,1,0,0.0,1.2,soft_substantive
688217,2023,4,0,0,0,0,1,0.0,1.0,symbolic
688219,2023,1,1,0,0,1,0,0.0,1.0,soft_substantive
688220,2023,3,0,0,0,0,1,0.0,1.0,symbolic
688222,2023,5,0,0,0,0,1,0.0,1.8,symbolic
688225,2023,22,7,4,1,0,0,0.18181818181818182,1.4545454545454546,verifiable
688227,2023,6,2,1,1,0,0,0.16666666666666666,1.3333333333333333,verifiable
688228,2023,216,67,29,1,0,0,0.13425925925925927,1.4259259259259258,verifiable
688229,2023,12,5,4,1,0,0,0.3333333333333333,1.5833333333333333,verifiable
688230,2023,1,0,0,0,0,1,0.0,1.0,symbolic
688232,2023,26,15,10,1,0,0,0.38461538461538464,1.4230769230769231,verifiable
688233,2023,2,0,0,0,0,1,0.0,1.5,symbolic
688234,2023,1,1,0,0,1,0,0.0,1.0,soft_substantive
688235,2023,1,0,0,0,0,1,0.0,1.0,symbolic
688244,2023,14,5,3,1,0,0,0.21428571428571427,1.4285714285714286,verifiable
688246,2023,10,6,1,1,0,0,0.1,1.5,verifiable
688248,2023,3,1,1,1,0,0,0.3333333333333333,1.3333333333333333,verifiable
688256,2023,28,7,6,1,0,0,0.21428571428571427,1.6785714285714286,verifiable
688258,2023,4,3,0,0,1,0,0.0,1.75,soft_substantive
688261,2023,1,0,0,0,0,1,0.0,1.0,symbolic
688262,2023,1,1,0,0,1,0,0.0,1.0,soft_substantive
688271,2023,2,1,0,0,1,0,0.0,1.0,soft_substantive
688275,2023,1,0,0,0,0,1,0.0,0.0,symbolic
688292,2023,7,4,1,1,0,0,0.14285714285714285,1.7142857142857142,verifiable
688297,2023,1,1,0,0,1,0,0.0,2.0,soft_substantive
688298,2023,3,0,0,0,0,1,0.0,0.6666666666666666,symbolic
688305,2023,1,0,0,0,0,1,0.0,2.0,symbolic
688306,2023,6,0,0,0,0,1,0.0,1.6666666666666667,symbolic
688307,2023,1,1,1,1,0,0,1.0,3.0,verifiable
688312,2023,1,0,0,0,0,1,0.0,1.0,symbolic
688313,2023,4,0,1,1,0,0,0.25,1.75,verifiable
688316,2023,13,2,2,1,0,0,0.15384615384615385,1.3076923076923077,verifiable
688318,2023,3,0,0,0,0,1,0.0,1.3333333333333333,symbolic
688322,2023,10,3,1,1,0,0,0.1,1.3,verifiable
688325,2023,1,1,0,0,1,0,0.0,2.0,soft_substantive
688326,2023,2,0,0,0,0,1,0.0,2.0,symbolic
688327,2023,106,40,25,1,0,0,0.2358490566037736,1.820754716981132,verifiable
688331,2023,2,0,0,0,0,1,0.0,0.0,symbolic
688333,2023,1,1,0,0,1,0,0.0,2.0,soft_substantive
688338,2023,1,1,0,0,1,0,0.0,1.0,soft_substantive
688343,2023,56,30,15,1,0,0,0.26785714285714285,1.7142857142857142,verifiable
688345,2023,1,0,0,0,0,1,0.0,2.0,symbolic
688359,2023,1,0,0,0,0,1,0.0,2.0,symbolic
688361,2023,1,1,0,0,1,0,0.0,1.0,soft_substantive
688362,2023,1,0,0,0,0,1,0.0,1.0,symbolic
688365,2023,3,1,0,0,1,0,0.0,1.3333333333333333,soft_substantive
688367,2023,1,0,0,0,0,1,0.0,1.0,symbolic
688368,2023,1,1,0,0,1,0,0.0,1.0,soft_substantive
688369,2023,19,6,10,1,0,0,0.5263157894736842,2.263157894736842,verifiable
688371,2023,2,0,1,1,0,0,0.5,1.5,verifiable
688376,2023,2,0,0,0,0,1,0.0,1.5,symbolic
688381,2023,4,2,0,0,1,0,0.0,1.0,soft_substantive
688383,2023,1,0,0,0,0,1,0.0,1.0,symbolic
688390,2023,2,0,2,1,0,0,1.0,4.0,verifiable
688396,2023,1,0,0,0,0,1,0.0,1.0,symbolic
688400,2023,8,3,0,0,1,0,0.0,1.375,soft_substantive
688401,2023,2,1,0,0,1,0,0.0,1.0,soft_substantive
688408,2023,2,1,0,0,1,0,0.0,1.0,soft_substantive
688416,2023,2,1,1,1,0,0,0.5,3.0,verifiable
688418,2023,1,1,0,0,1,0,0.0,1.0,soft_substantive
688433,2023,1,1,0,0,1,0,0.0,1.0,soft_substantive
688435,2023,3,1,1,1,0,0,0.3333333333333333,2.3333333333333335,verifiable
688439,2023,1,1,0,0,1,0,0.0,2.0,soft_substantive
688450,2023,3,2,1,1,0,0,0.3333333333333333,1.3333333333333333,verifiable
688455,2023,1,1,0,0,1,0,0.0,1.0,soft_substantive
688458,2023,3,0,0,0,0,1,0.0,1.0,symbolic
688472,2023,2,2,2,1,0,0,1.0,2.5,verifiable
688475,2023,13,6,3,1,0,0,0.23076923076923078,1.3846153846153846,verifiable
688479,2023,1,0,0,0,0,1,0.0,2.0,symbolic
688484,2023,1,1,0,0,1,0,0.0,2.0,soft_substantive
688485,2023,1,1,0,0,1,0,0.0,2.0,soft_substantive
688498,2023,1,0,0,0,0,1,0.0,1.0,symbolic
688499,2023,1,1,0,0,1,0,0.0,2.0,soft_substantive
688500,2023,40,21,8,1,0,0,0.2,1.925,verifiable
688501,2023,1,1,0,0,1,0,0.0,0.0,soft_substantive
688503,2023,1,0,0,0,0,1,0.0,2.0,symbolic
688507,2023,9,3,1,1,0,0,0.1111111111111111,1.0,verifiable
688509,2023,1,0,0,0,0,1,0.0,1.0,symbolic
688519,2023,1,0,0,0,0,1,0.0,1.0,symbolic
688520,2023,1,0,0,0,0,1,0.0,0.0,symbolic
688521,2023,18,4,2,1,0,0,0.1111111111111111,1.2777777777777777,verifiable
688522,2023,1,1,0,0,1,0,0.0,1.0,soft_substantive
688523,2023,1,0,0,0,0,1,0.0,1.0,symbolic
688525,2023,10,1,1,1,0,0,0.1,1.0,verifiable
688531,2023,2,2,1,1,0,0,0.5,2.0,verifiable
688535,2023,1,0,0,0,0,1,0.0,1.0,symbolic
688557,2023,2,2,0,0,1,0,0.0,1.0,soft_substantive
688561,2023,9,3,0,0,1,0,0.0,1.3333333333333333,soft_substantive
688562,2023,1,0,0,0,0,1,0.0,1.0,symbolic
688565,2023,2,0,0,0,0,1,0.0,1.0,symbolic
688568,2023,12,6,1,1,0,0,0.08333333333333333,1.1666666666666667,verifiable
688573,2023,1,0,0,0,0,1,0.0,2.0,symbolic
688579,2023,14,3,0,0,1,0,0.0,1.0714285714285714,soft_substantive
688588,2023,7,1,0,0,1,0,0.0,1.0,soft_substantive
688590,2023,28,10,4,1,0,0,0.14285714285714285,1.7142857142857142,verifiable
688592,2023,1,0,0,0,0,1,0.0,1.0,symbolic
688593,2023,1,0,0,0,0,1,0.0,0.0,symbolic
688595,2023,3,3,0,0,1,0,0.0,1.3333333333333333,soft_substantive
688596,2023,4,2,0,0,1,0,0.0,1.5,soft_substantive
688597,2023,4,2,0,0,1,0,0.0,1.5,soft_substantive
688601,2023,1,1,0,0,1,0,0.0,1.0,soft_substantive
688608,2023,4,0,0,0,0,1,0.0,0.75,symbolic
688609,2023,1,0,0,0,0,1,0.0,1.0,symbolic
688610,2023,2,0,0,0,0,1,0.0,1.0,symbolic
688612,2023,1,1,0,0,1,0,0.0,1.0,soft_substantive
688618,2023,3,3,2,1,0,0,0.6666666666666666,1.6666666666666667,verifiable
688619,2023,14,6,2,1,0,0,0.14285714285714285,1.7857142857142858,verifiable
688620,2023,4,0,0,0,0,1,0.0,1.25,symbolic
688623,2023,5,3,0,0,1,0,0.0,1.4,soft_substantive
688629,2023,1,0,0,0,0,1,0.0,1.0,symbolic
688631,2023,3,2,0,0,1,0,0.0,1.3333333333333333,soft_substantive
688651,2023,2,1,0,0,1,0,0.0,1.0,soft_substantive
688655,2023,3,3,1,1,0,0,0.3333333333333333,2.0,verifiable
688667,2023,1,0,0,0,0,1,0.0,1.0,symbolic
688671,2023,4,1,0,0,1,0,0.0,1.0,soft_substantive
688676,2023,6,0,1,1,0,0,0.16666666666666666,1.6666666666666667,verifiable
688678,2023,3,1,0,0,1,0,0.0,1.6666666666666667,soft_substantive
688686,2023,7,2,1,1,0,0,0.14285714285714285,1.1428571428571428,verifiable
688693,2023,1,1,1,1,0,0,1.0,3.0,verifiable
688699,2023,1,0,0,0,0,1,0.0,1.0,symbolic
688701,2023,1,1,0,0,1,0,0.0,0.0,soft_substantive
688709,2023,1,0,0,0,0,1,0.0,1.0,symbolic
688719,2023,2,1,0,0,1,0,0.0,1.0,soft_substantive
688767,2023,2,0,0,0,0,1,0.0,0.0,symbolic
688768,2023,5,4,1,1,0,0,0.2,2.0,verifiable
688772,2023,1,0,0,0,0,1,0.0,2.0,symbolic
688777,2023,11,3,2,1,0,0,0.18181818181818182,1.3636363636363635,verifiable
688786,2023,2,1,0,0,1,0,0.0,1.0,soft_substantive
688787,2023,49,18,9,1,0,0,0.1836734693877551,1.4081632653061225,verifiable
688788,2023,2,0,0,0,0,1,0.0,1.0,symbolic
688793,2023,1,0,0,0,0,1,0.0,1.0,symbolic
688800,2023,4,0,0,0,0,1,0.0,1.0,symbolic
689009,2023,1,0,1,1,0,0,1.0,2.0,verifiable
830799,2023,13,2,6,1,0,0,0.46153846153846156,2.230769230769231,verifiable
830879,2023,1,1,1,1,0,0,1.0,3.0,verifiable
831832,2023,1,0,0,0,0,1,0.0,1.0,symbolic
832149,2023,1,0,0,0,0,1,0.0,0.0,symbolic
832171,2023,9,2,1,1,0,0,0.1111111111111111,1.3333333333333333,verifiable
832876,2023,1,1,1,1,0,0,1.0,4.0,verifiable
833075,2023,1,1,0,0,1,0,0.0,1.0,soft_substantive
834021,2023,30,10,5,1,0,0,0.16666666666666666,1.3333333333333333,verifiable
834415,2023,2,0,1,1,0,0,0.5,1.5,verifiable
835207,2023,1,1,0,0,1,0,0.0,2.0,soft_substantive
835305,2023,29,6,3,1,0,0,0.10344827586206896,1.3103448275862069,verifiable
835640,2023,1,0,0,0,0,1,0.0,1.0,symbolic
835985,2023,1,0,0,0,0,1,0.0,1.0,symbolic
836149,2023,1,1,0,0,1,0,0.0,1.0,soft_substantive
836414,2023,1,0,0,0,0,1,0.0,1.0,symbolic
836961,2023,2,2,1,1,0,0,0.5,2.0,verifiable
837092,2023,7,1,1,1,0,0,0.14285714285714285,1.7142857142857142,verifiable
837592,2023,2,0,1,1,0,0,0.5,1.5,verifiable
837748,2023,1,0,0,0,0,1,0.0,1.0,symbolic
837821,2023,2,0,0,0,0,1,0.0,1.0,symbolic
838924,2023,2,0,0,0,0,1,0.0,0.5,symbolic
839680,2023,2,1,1,1,0,0,0.5,2.0,verifiable
839790,2023,5,3,2,1,0,0,0.4,1.8,verifiable
870976,2023,3,1,1,1,0,0,0.3333333333333333,1.6666666666666667,verifiable
872190,2023,4,1,0,0,1,0,0.0,0.75,soft_substantive
872808,2023,3,0,0,0,0,1,0.0,1.3333333333333333,symbolic
873693,2023,1,1,0,0,1,0,0.0,2.0,soft_substantive
873706,2023,1,1,0,0,1,0,0.0,1.0,soft_substantive
000001,2024,5,2,4,1,0,0,0.8,2.4,verifiable
000002,2024,3,2,1,1,0,0,0.3333333333333333,1.6666666666666667,verifiable
000004,2024,12,3,0,0,1,0,0.0,1.0,soft_substantive
000021,2024,2,0,0,0,0,1,0.0,1.0,symbolic
000028,2024,1,1,1,1,0,0,1.0,2.0,verifiable
000032,2024,28,16,12,1,0,0,0.42857142857142855,2.0714285714285716,verifiable
000034,2024,20,9,7,1,0,0,0.35,1.8,verifiable
000039,2024,2,0,0,0,0,1,0.0,1.5,symbolic
000050,2024,8,2,0,0,1,0,0.0,1.125,soft_substantive
000062,2024,3,0,2,1,0,0,0.6666666666666666,2.0,verifiable
000063,2024,20,7,7,1,0,0,0.35,2.0,verifiable
000065,2024,1,0,0,0,0,1,0.0,1.0,symbolic
000066,2024,4,3,1,1,0,0,0.25,1.75,verifiable
000100,2024,3,2,2,1,0,0,0.6666666666666666,2.0,verifiable
000156,2024,6,3,1,1,0,0,0.16666666666666666,1.1666666666666667,verifiable
000157,2024,1,0,0,0,0,1,0.0,1.0,symbolic
000158,2024,13,5,4,1,0,0,0.3076923076923077,1.9230769230769231,verifiable
000301,2024,2,0,0,0,0,1,0.0,0.5,symbolic
000333,2024,21,17,10,1,0,0,0.47619047619047616,1.9047619047619047,verifiable
000408,2024,1,0,0,0,0,1,0.0,1.0,symbolic
000409,2024,9,5,2,1,0,0,0.2222222222222222,1.8888888888888888,verifiable
000429,2024,1,0,0,0,0,1,0.0,0.0,symbolic
000503,2024,5,1,0,0,1,0,0.0,1.4,soft_substantive
000516,2024,2,2,0,0,1,0,0.0,1.0,soft_substantive
000524,2024,3,2,2,1,0,0,0.6666666666666666,2.6666666666666665,verifiable
000526,2024,3,1,1,1,0,0,0.3333333333333333,2.0,verifiable
000528,2024,2,2,1,1,0,0,0.5,2.0,verifiable
000533,2024,2,0,0,0,0,1,0.0,1.0,symbolic
000547,2024,3,2,3,1,0,0,1.0,2.0,verifiable
000550,2024,1,1,0,0,1,0,0.0,2.0,soft_substantive
000551,2024,2,0,0,0,0,1,0.0,1.0,symbolic
000555,2024,10,3,2,1,0,0,0.2,1.7,verifiable
000559,2024,1,0,0,0,0,1,0.0,2.0,symbolic
000560,2024,1,1,1,1,0,0,1.0,4.0,verifiable
000581,2024,1,1,0,0,1,0,0.0,1.0,soft_substantive
000582,2024,1,0,0,0,0,1,0.0,1.0,symbolic
000589,2024,1,1,0,0,1,0,0.0,1.0,soft_substantive
000591,2024,1,1,1,1,0,0,1.0,4.0,verifiable
000596,2024,1,0,0,0,0,1,0.0,1.0,symbolic
000598,2024,1,0,1,1,0,0,1.0,2.0,verifiable
000599,2024,1,0,0,0,0,1,0.0,1.0,symbolic
000607,2024,5,1,2,1,0,0,0.4,1.4,verifiable
000619,2024,36,13,1,1,0,0,0.027777777777777776,1.0833333333333333,verifiable
000620,2024,1,0,1,1,0,0,1.0,2.0,verifiable
000625,2024,4,4,2,1,0,0,0.5,2.5,verifiable
000628,2024,1,0,0,0,0,1,0.0,1.0,symbolic
000661,2024,3,2,1,1,0,0,0.3333333333333333,1.6666666666666667,verifiable
000672,2024,1,0,0,0,0,1,0.0,2.0,symbolic
000676,2024,36,8,8,1,0,0,0.2222222222222222,1.8055555555555556,verifiable
000681,2024,40,6,1,1,0,0,0.025,1.55,verifiable
000682,2024,6,4,2,1,0,0,0.3333333333333333,2.1666666666666665,verifiable
000701,2024,1,0,0,0,0,1,0.0,1.0,symbolic
000708,2024,3,0,2,1,0,0,0.6666666666666666,2.6666666666666665,verifiable
000709,2024,2,0,0,0,0,1,0.0,1.0,symbolic
000710,2024,5,4,1,1,0,0,0.2,1.4,verifiable
000719,2024,7,3,2,1,0,0,0.2857142857142857,1.2857142857142858,verifiable
000725,2024,4,2,1,1,0,0,0.25,1.75,verifiable
000727,2024,3,2,0,0,1,0,0.0,1.3333333333333333,soft_substantive
000728,2024,2,0,1,1,0,0,0.5,2.5,verifiable
000737,2024,1,0,0,0,0,1,0.0,2.0,symbolic
000750,2024,1,0,0,0,0,1,0.0,1.0,symbolic
000778,2024,1,0,0,0,0,1,0.0,1.0,symbolic
000783,2024,3,2,3,1,0,0,1.0,3.0,verifiable
000785,2024,2,0,0,0,0,1,0.0,1.0,symbolic
000793,2024,1,0,0,0,0,1,0.0,1.0,symbolic
000800,2024,3,1,0,0,1,0,0.0,1.3333333333333333,soft_substantive
000807,2024,1,1,0,0,1,0,0.0,1.0,soft_substantive
000810,2024,23,5,3,1,0,0,0.13043478260869565,1.5217391304347827,verifiable
000815,2024,3,1,1,1,0,0,0.3333333333333333,1.6666666666666667,verifiable
000818,2024,2,0,0,0,0,1,0.0,1.0,symbolic
000829,2024,3,0,1,1,0,0,0.3333333333333333,1.0,verifiable
000839,2024,7,3,4,1,0,0,0.5714285714285714,2.0,verifiable
000851,2024,7,1,2,1,0,0,0.2857142857142857,1.5714285714285714,verifiable
000858,2024,1,1,1,1,0,0,1.0,2.0,verifiable
000883,2024,1,1,0,0,1,0,0.0,2.0,soft_substantive
000885,2024,1,0,0,0,0,1,0.0,2.0,symbolic
000886,2024,1,0,0,0,0,1,0.0,2.0,symbolic
000889,2024,1,0,0,0,0,1,0.0,1.0,symbolic
000892,2024,10,1,3,1,0,0,0.3,1.1,verifiable
000898,2024,1,0,0,0,0,1,0.0,2.0,symbolic
000905,2024,2,1,0,0,1,0,0.0,1.0,soft_substantive
000917,2024,2,0,0,0,0,1,0.0,0.5,symbolic
000921,2024,2,1,0,0,1,0,0.0,2.5,soft_substantive
000923,2024,1,1,0,0,1,0,0.0,2.0,soft_substantive
000925,2024,5,0,0,0,0,1,0.0,1.2,symbolic
000927,2024,1,1,0,0,1,0,0.0,1.0,soft_substantive
000930,2024,1,0,0,0,0,1,0.0,1.0,symbolic
000932,2024,2,2,1,1,0,0,0.5,3.0,verifiable
000938,2024,44,22,19,1,0,0,0.4318181818181818,1.8181818181818181,verifiable
000948,2024,9,4,3,1,0,0,0.3333333333333333,1.6666666666666667,verifiable
000963,2024,3,2,1,1,0,0,0.3333333333333333,2.0,verifiable
000967,2024,3,2,1,1,0,0,0.3333333333333333,1.6666666666666667,verifiable
000969,2024,1,0,0,0,0,1,0.0,1.0,symbolic
000977,2024,18,8,9,1,0,0,0.5,2.111111111111111,verifiable
000987,2024,2,0,2,1,0,0,1.0,2.0,verifiable
000988,2024,9,3,2,1,0,0,0.2222222222222222,1.8888888888888888,verifiable
000997,2024,14,1,4,1,0,0,0.2857142857142857,1.5714285714285714,verifiable
000998,2024,1,0,0,0,0,1,0.0,1.0,symbolic
001205,2024,1,1,1,1,0,0,1.0,4.0,verifiable
001222,2024,2,2,0,0,1,0,0.0,0.5,soft_substantive
001225,2024,4,0,0,0,0,1,0.0,1.5,symbolic
001229,2024,2,0,2,1,0,0,1.0,2.0,verifiable
001230,2024,1,1,1,1,0,0,1.0,2.0,verifiable
001231,2024,3,3,0,0,1,0,0.0,1.6666666666666667,soft_substantive
001238,2024,3,0,0,0,0,1,0.0,1.3333333333333333,symbolic
001256,2024,1,1,0,0,1,0,0.0,0.0,soft_substantive
001267,2024,1,1,0,0,1,0,0.0,2.0,soft_substantive
001283,2024,2,2,0,0,1,0,0.0,2.0,soft_substantive
001287,2024,1,0,0,0,0,1,0.0,1.0,symbolic
001288,2024,4,0,2,1,0,0,0.5,2.5,verifiable
001289,2024,2,1,1,1,0,0,0.5,2.5,verifiable
001298,2024,2,0,0,0,0,1,0.0,1.0,symbolic
001300,2024,1,0,0,0,0,1,0.0,1.0,symbolic
001308,2024,7,1,3,1,0,0,0.42857142857142855,1.8571428571428572,verifiable
001309,2024,7,0,0,0,0,1,0.0,1.1428571428571428,symbolic
001314,2024,10,3,3,1,0,0,0.3,2.0,verifiable
001317,2024,1,0,0,0,0,1,0.0,0.0,symbolic
001330,2024,12,3,1,1,0,0,0.08333333333333333,1.3333333333333333,verifiable
001339,2024,17,5,6,1,0,0,0.35294117647058826,2.0588235294117645,verifiable
001358,2024,1,0,0,0,0,1,0.0,1.0,symbolic
001360,2024,3,0,0,0,0,1,0.0,2.3333333333333335,symbolic
001367,2024,1,0,0,0,0,1,0.0,0.0,symbolic
001368,2024,3,0,0,0,0,1,0.0,1.0,symbolic
001389,2024,1,0,0,0,0,1,0.0,0.0,symbolic
001872,2024,1,0,1,1,0,0,1.0,2.0,verifiable
001914,2024,1,1,1,1,0,0,1.0,4.0,verifiable
001965,2024,6,2,1,1,0,0,0.16666666666666666,1.3333333333333333,verifiable
001979,2024,6,6,4,1,0,0,0.6666666666666666,2.5,verifiable
002008,2024,1,0,0,0,0,1,0.0,1.0,symbolic
002009,2024,2,0,0,0,0,1,0.0,1.0,symbolic
002010,2024,1,1,0,0,1,0,0.0,2.0,soft_substantive
002011,2024,1,0,0,0,0,1,0.0,1.0,symbolic
002012,2024,1,1,1,1,0,0,1.0,2.0,verifiable
002015,2024,5,0,0,0,0,1,0.0,1.0,symbolic
002017,2024,1,0,1,1,0,0,1.0,2.0,verifiable
002024,2024,2,2,0,0,1,0,0.0,2.0,soft_substantive
002025,2024,1,0,0,0,0,1,0.0,1.0,symbolic
002027,2024,3,2,0,0,1,0,0.0,1.6666666666666667,soft_substantive
002042,2024,2,0,1,1,0,0,0.5,1.5,verifiable
002044,2024,12,3,2,1,0,0,0.16666666666666666,1.6666666666666667,verifiable
002045,2024,3,0,1,1,0,0,0.3333333333333333,1.3333333333333333,verifiable
002048,2024,1,0,0,0,0,1,0.0,1.0,symbolic
002049,2024,1,0,0,0,0,1,0.0,2.0,symbolic
002056,2024,1,1,0,0,1,0,0.0,1.0,soft_substantive
002061,2024,1,1,0,0,1,0,0.0,2.0,soft_substantive
002063,2024,21,12,9,1,0,0,0.42857142857142855,2.0,verifiable
002065,2024,33,15,6,1,0,0,0.18181818181818182,1.3636363636363635,verifiable
002066,2024,1,1,1,1,0,0,1.0,3.0,verifiable
002069,2024,9,6,0,0,1,0,0.0,1.2222222222222223,soft_substantive
002079,2024,2,0,0,0,0,1,0.0,0.5,symbolic
002090,2024,2,0,2,1,0,0,1.0,2.0,verifiable
002091,2024,1,0,0,0,0,1,0.0,0.0,symbolic
002093,2024,3,2,0,0,1,0,0.0,1.3333333333333333,soft_substantive
002095,2024,3,2,2,1,0,0,0.6666666666666666,2.3333333333333335,verifiable
002104,2024,2,1,1,1,0,0,0.5,2.0,verifiable
002111,2024,1,0,0,0,0,1,0.0,1.0,symbolic
002115,2024,1,1,0,0,1,0,0.0,2.0,soft_substantive
002117,2024,9,1,4,1,0,0,0.4444444444444444,2.111111111111111,verifiable
002120,2024,3,0,1,1,0,0,0.3333333333333333,2.0,verifiable
002121,2024,1,0,0,0,0,1,0.0,2.0,symbolic
002122,2024,20,9,3,1,0,0,0.15,1.85,verifiable
002123,2024,6,3,0,0,1,0,0.0,1.3333333333333333,soft_substantive
002125,2024,1,0,0,0,0,1,0.0,3.0,symbolic
002126,2024,1,0,0,0,0,1,0.0,0.0,symbolic
002127,2024,8,3,3,1,0,0,0.375,1.125,verifiable
002130,2024,1,0,1,1,0,0,1.0,2.0,verifiable
002131,2024,20,6,7,1,0,0,0.35,1.75,verifiable
002139,2024,4,1,2,1,0,0,0.5,1.5,verifiable
002142,2024,3,0,1,1,0,0,0.3333333333333333,1.3333333333333333,verifiable
002148,2024,2,1,1,1,0,0,0.5,2.5,verifiable
002150,2024,1,1,1,1,0,0,1.0,3.0,verifiable
002152,2024,23,11,7,1,0,0,0.30434782608695654,1.6521739130434783,verifiable
002153,2024,3,0,0,0,0,1,0.0,1.0,symbolic
002156,2024,9,4,0,0,1,0,0.0,1.2222222222222223,soft_substantive
002166,2024,1,0,1,1,0,0,1.0,2.0,verifiable
002173,2024,4,2,2,1,0,0,0.5,1.75,verifiable
002174,2024,5,0,0,0,0,1,0.0,1.0,symbolic
002178,2024,1,1,0,0,1,0,0.0,1.0,soft_substantive
002180,2024,1,0,0,0,0,1,0.0,1.0,symbolic
002181,2024,2,0,0,0,0,1,0.0,1.0,symbolic
002183,2024,3,2,1,1,0,0,0.3333333333333333,1.3333333333333333,verifiable
002185,2024,1,0,0,0,0,1,0.0,1.0,symbolic
002195,2024,40,19,9,1,0,0,0.225,1.5,verifiable
002196,2024,1,0,0,0,0,1,0.0,1.0,symbolic
002197,2024,12,3,2,1,0,0,0.16666666666666666,1.5833333333333333,verifiable
002199,2024,1,0,0,0,0,1,0.0,1.0,symbolic
002202,2024,1,1,1,1,0,0,1.0,3.0,verifiable
002209,2024,1,0,0,0,0,1,0.0,1.0,symbolic
002210,2024,1,0,0,0,0,1,0.0,1.0,symbolic
002212,2024,32,12,11,1,0,0,0.34375,1.96875,verifiable
002213,2024,5,0,1,1,0,0,0.2,1.6,verifiable
002217,2024,1,0,0,0,0,1,0.0,2.0,symbolic
002222,2024,1,0,0,0,0,1,0.0,0.0,symbolic
002229,2024,11,6,7,1,0,0,0.6363636363636364,2.1818181818181817,verifiable
002230,2024,166,69,63,1,0,0,0.3795180722891566,2.102409638554217,verifiable
002232,2024,9,4,3,1,0,0,0.3333333333333333,1.7777777777777777,verifiable
002235,2024,2,0,0,0,0,1,0.0,1.0,symbolic
002236,2024,108,47,37,1,0,0,0.3425925925925926,1.4907407407407407,verifiable
002241,2024,15,4,5,1,0,0,0.3333333333333333,1.3333333333333333,verifiable
002243,2024,1,0,0,0,0,1,0.0,2.0,symbolic
002249,2024,1,0,0,0,0,1,0.0,1.0,symbolic
002252,2024,1,1,0,0,1,0,0.0,2.0,soft_substantive
002253,2024,2,0,0,0,0,1,0.0,1.0,symbolic
002261,2024,10,1,5,1,0,0,0.5,2.3,verifiable
002262,2024,1,0,0,0,0,1,0.0,1.0,symbolic
002264,2024,2,2,0,0,1,0,0.0,2.5,soft_substantive
002268,2024,1,1,0,0,1,0,0.0,1.0,soft_substantive
002271,2024,4,3,1,1,0,0,0.25,0.75,verifiable
002272,2024,1,0,0,0,0,1,0.0,1.0,symbolic
002273,2024,2,0,0,0,0,1,0.0,1.5,symbolic
002277,2024,1,0,0,0,0,1,0.0,1.0,symbolic
002278,2024,2,2,1,1,0,0,0.5,2.0,verifiable
002279,2024,15,7,6,1,0,0,0.4,2.0,verifiable
002281,2024,1,0,0,0,0,1,0.0,0.0,symbolic
002282,2024,1,0,0,0,0,1,0.0,0.0,symbolic
002284,2024,1,0,0,0,0,1,0.0,1.0,symbolic
002290,2024,2,0,0,0,0,1,0.0,1.0,symbolic
002292,2024,4,1,0,0,1,0,0.0,1.25,soft_substantive
002296,2024,5,4,0,0,1,0,0.0,1.2,soft_substantive
002298,2024,3,1,1,1,0,0,0.3333333333333333,2.3333333333333335,verifiable
002301,2024,5,2,2,1,0,0,0.4,2.6,verifiable
002303,2024,1,1,0,0,1,0,0.0,3.0,soft_substantive
002315,2024,3,1,0,0,1,0,0.0,1.0,soft_substantive
002322,2024,18,12,4,1,0,0,0.2222222222222222,1.5,verifiable
002324,2024,3,1,0,0,1,0,0.0,1.3333333333333333,soft_substantive
002327,2024,1,1,0,0,1,0,0.0,0.0,soft_substantive
002328,2024,1,0,0,0,0,1,0.0,2.0,symbolic
002332,2024,1,0,0,0,0,1,0.0,1.0,symbolic
002333,2024,1,1,0,0,1,0,0.0,1.0,soft_substantive
002334,2024,1,0,0,0,0,1,0.0,2.0,symbolic
002335,2024,5,2,1,1,0,0,0.2,2.0,verifiable
002343,2024,5,1,0,0,1,0,0.0,1.2,soft_substantive
002347,2024,1,0,0,0,0,1,0.0,1.0,symbolic
002351,2024,2,0,0,0,0,1,0.0,0.5,symbolic
002352,2024,9,4,3,1,0,0,0.3333333333333333,2.0,verifiable
002354,2024,19,6,8,1,0,0,0.42105263157894735,1.894736842105263,verifiable
002362,2024,14,4,5,1,0,0,0.35714285714285715,1.7857142857142858,verifiable
002364,2024,5,1,2,1,0,0,0.4,1.6,verifiable
002368,2024,7,4,2,1,0,0,0.2857142857142857,1.4285714285714286,verifiable
002369,2024,2,0,1,1,0,0,0.5,2.5,verifiable
002371,2024,2,0,0,0,0,1,0.0,1.0,symbolic
002372,2024,1,0,0,0,0,1,0.0,0.0,symbolic
002373,2024,27,8,7,1,0,0,0.25925925925925924,1.6296296296296295,verifiable
002375,2024,1,0,0,0,0,1,0.0,1.0,symbolic
002376,2024,4,1,1,1,0,0,0.25,1.25,verifiable
002380,2024,2,0,1,1,0,0,0.5,1.5,verifiable
002383,2024,1,1,0,0,1,0,0.0,1.0,soft_substantive
002389,2024,2,2,0,0,1,0,0.0,1.0,soft_substantive
002396,2024,7,1,3,1,0,0,0.42857142857142855,1.5714285714285714,verifiable
002398,2024,1,0,0,0,0,1,0.0,2.0,symbolic
002400,2024,1,1,0,0,1,0,0.0,2.0,soft_substantive
002401,2024,11,5,2,1,0,0,0.18181818181818182,1.4545454545454546,verifiable
002402,2024,8,3,1,1,0,0,0.125,1.375,verifiable
002405,2024,2,1,0,0,1,0,0.0,1.0,soft_substantive
002407,2024,1,0,0,0,0,1,0.0,1.0,symbolic
002409,2024,1,0,0,0,0,1,0.0,0.0,symbolic
002410,2024,4,2,0,0,1,0,0.0,1.25,soft_substantive
002415,2024,80,33,12,1,0,0,0.15,1.3125,verifiable
002416,2024,4,2,4,1,0,0,1.0,3.25,verifiable
002419,2024,5,4,2,1,0,0,0.4,1.6,verifiable
002421,2024,4,2,1,1,0,0,0.25,1.25,verifiable
002422,2024,2,2,0,0,1,0,0.0,1.0,soft_substantive
002425,2024,1,0,0,0,0,1,0.0,1.0,symbolic
002429,2024,1,0,0,0,0,1,0.0,1.0,symbolic
002432,2024,11,2,0,0,1,0,0.0,1.1818181818181819,soft_substantive
002436,2024,1,0,0,0,0,1,0.0,1.0,symbolic
002439,2024,47,15,8,1,0,0,0.1702127659574468,1.3617021276595744,verifiable
002442,2024,1,0,0,0,0,1,0.0,1.0,symbolic
002454,2024,1,1,0,0,1,0,0.0,1.0,soft_substantive
002456,2024,2,0,1,1,0,0,0.5,2.0,verifiable
002463,2024,1,0,0,0,0,1,0.0,2.0,symbolic
002466,2024,2,0,0,0,0,1,0.0,0.5,symbolic
002467,2024,10,3,1,1,0,0,0.1,1.4,verifiable
002468,2024,3,2,1,1,0,0,0.3333333333333333,1.3333333333333333,verifiable
002470,2024,1,0,0,0,0,1,0.0,1.0,symbolic
002471,2024,1,0,0,0,0,1,0.0,1.0,symbolic
002474,2024,2,1,0,0,1,0,0.0,1.5,soft_substantive
002475,2024,1,1,0,0,1,0,0.0,1.0,soft_substantive
002481,2024,1,1,1,1,0,0,1.0,4.0,verifiable
002483,2024,1,0,1,1,0,0,1.0,2.0,verifiable
002488,2024,1,0,0,0,0,1,0.0,1.0,symbolic
002497,2024,1,0,0,0,0,1,0.0,1.0,symbolic
002506,2024,1,1,0,0,1,0,0.0,1.0,soft_substantive
002508,2024,2,1,0,0,1,0,0.0,1.0,soft_substantive
002517,2024,3,0,0,0,0,1,0.0,1.0,symbolic
002518,2024,1,0,0,0,0,1,0.0,2.0,symbolic
002521,2024,1,0,0,0,0,1,0.0,2.0,symbolic
002527,2024,5,0,1,1,0,0,0.2,1.2,verifiable
002528,2024,9,4,0,0,1,0,0.0,1.0,soft_substantive
002530,2024,9,1,2,1,0,0,0.2222222222222222,2.0,verifiable
002532,2024,2,1,1,1,0,0,0.5,2.5,verifiable
002543,2024,5,1,1,1,0,0,0.2,1.6,verifiable
002555,2024,15,7,2,1,0,0,0.13333333333333333,1.4666666666666666,verifiable
002558,2024,10,8,1,1,0,0,0.1,1.6,verifiable
002564,2024,1,0,0,0,0,1,0.0,2.0,symbolic
002572,2024,2,1,0,0,1,0,0.0,0.0,soft_substantive
002575,2024,3,1,2,1,0,0,0.6666666666666666,3.0,verifiable
002577,2024,1,0,0,0,0,1,0.0,1.0,symbolic
002580,2024,1,1,0,0,1,0,0.0,2.0,soft_substantive
002583,2024,1,0,0,0,0,1,0.0,1.0,symbolic
002587,2024,7,4,1,1,0,0,0.14285714285714285,1.2857142857142858,verifiable
002589,2024,1,1,1,1,0,0,1.0,4.0,verifiable
002594,2024,2,1,0,0,1,0,0.0,1.5,soft_substantive
002599,2024,6,1,1,1,0,0,0.16666666666666666,1.5,verifiable
002600,2024,6,0,0,0,0,1,0.0,1.0,symbolic
002602,2024,8,1,1,1,0,0,0.125,1.625,verifiable
002605,2024,4,1,0,0,1,0,0.0,1.0,soft_substantive
002607,2024,1,1,1,1,0,0,1.0,3.0,verifiable
002608,2024,1,0,0,0,0,1,0.0,1.0,symbolic
002609,2024,3,1,1,1,0,0,0.3333333333333333,1.3333333333333333,verifiable
002611,2024,2,2,1,1,0,0,0.5,2.0,verifiable
002614,2024,2,1,1,1,0,0,0.5,2.5,verifiable
002624,2024,2,2,0,0,1,0,0.0,1.0,soft_substantive
002632,2024,1,0,0,0,0,1,0.0,1.0,symbolic
002636,2024,2,0,0,0,0,1,0.0,1.0,symbolic
002642,2024,14,6,2,1,0,0,0.14285714285714285,1.6428571428571428,verifiable
002649,2024,12,2,5,1,0,0,0.4166666666666667,2.0833333333333335,verifiable
002653,2024,1,0,0,0,0,1,0.0,1.0,symbolic
002657,2024,23,8,7,1,0,0,0.30434782608695654,1.6521739130434783,verifiable
002658,2024,2,0,0,0,0,1,0.0,1.0,symbolic
002659,2024,1,1,0,0,1,0,0.0,2.0,soft_substantive
002664,2024,2,2,1,1,0,0,0.5,2.0,verifiable
002670,2024,1,1,1,1,0,0,1.0,3.0,verifiable
002673,2024,3,2,1,1,0,0,0.3333333333333333,1.3333333333333333,verifiable
002674,2024,1,0,0,0,0,1,0.0,0.0,symbolic
002677,2024,1,1,0,0,1,0,0.0,2.0,soft_substantive
002681,2024,9,2,1,1,0,0,0.1111111111111111,1.4444444444444444,verifiable
002683,2024,3,2,0,0,1,0,0.0,1.6666666666666667,soft_substantive
002701,2024,1,0,1,1,0,0,1.0,2.0,verifiable
002706,2024,2,1,0,0,1,0,0.0,1.0,soft_substantive
002712,2024,5,2,3,1,0,0,0.6,2.0,verifiable
002721,2024,2,0,1,1,0,0,0.5,2.0,verifiable
002727,2024,2,2,1,1,0,0,0.5,2.0,verifiable
002736,2024,4,1,1,1,0,0,0.25,1.75,verifiable
002747,2024,1,1,1,1,0,0,1.0,3.0,verifiable
002756,2024,3,0,0,0,0,1,0.0,1.0,symbolic
002757,2024,15,5,1,1,0,0,0.06666666666666667,1.5333333333333334,verifiable
002766,2024,2,2,2,1,0,0,1.0,3.0,verifiable
002771,2024,9,2,4,1,0,0,0.4444444444444444,1.5555555555555556,verifiable
002774,2024,1,0,0,0,0,1,0.0,0.0,symbolic
002777,2024,15,6,4,1,0,0,0.26666666666666666,1.4666666666666666,verifiable
002778,2024,1,0,0,0,0,1,0.0,1.0,symbolic
002779,2024,2,1,0,0,1,0,0.0,0.5,soft_substantive
002780,2024,1,0,0,0,0,1,0.0,0.0,symbolic
002788,2024,1,0,0,0,0,1,0.0,1.0,symbolic
002789,2024,1,0,0,0,0,1,0.0,1.0,symbolic
002792,2024,1,0,0,0,0,1,0.0,1.0,symbolic
002795,2024,1,0,0,0,0,1,0.0,1.0,symbolic
002797,2024,1,0,0,0,0,1,0.0,2.0,symbolic
002803,2024,3,1,0,0,1,0,0.0,1.3333333333333333,soft_substantive
002811,2024,1,0,1,1,0,0,1.0,3.0,verifiable
002813,2024,1,0,0,0,0,1,0.0,1.0,symbolic
002818,2024,1,0,0,0,0,1,0.0,2.0,symbolic
002819,2024,17,9,5,1,0,0,0.29411764705882354,1.7647058823529411,verifiable
002828,2024,1,0,0,0,0,1,0.0,1.0,symbolic
002831,2024,5,0,3,1,0,0,0.6,2.2,verifiable
002832,2024,2,2,0,0,1,0,0.0,0.5,soft_substantive
002833,2024,1,0,0,0,0,1,0.0,1.0,symbolic
002835,2024,12,3,7,1,0,0,0.5833333333333334,1.75,verifiable
002841,2024,29,18,9,1,0,0,0.3103448275862069,1.4482758620689655,verifiable
002851,2024,1,1,1,1,0,0,1.0,4.0,verifiable
002855,2024,1,0,0,0,0,1,0.0,1.0,symbolic
002858,2024,2,0,0,0,0,1,0.0,1.0,symbolic
002862,2024,3,1,1,1,0,0,0.3333333333333333,1.3333333333333333,verifiable
002867,2024,1,0,0,0,0,1,0.0,1.0,symbolic
002869,2024,5,2,0,0,1,0,0.0,1.4,soft_substantive
002871,2024,1,0,0,0,0,1,0.0,1.0,symbolic
002878,2024,5,2,1,1,0,0,0.2,1.4,verifiable
002881,2024,19,7,10,1,0,0,0.5263157894736842,1.9473684210526316,verifiable
002899,2024,1,0,0,0,0,1,0.0,1.0,symbolic
002902,2024,8,3,2,1,0,0,0.25,1.75,verifiable
002906,2024,4,2,1,1,0,0,0.25,1.25,verifiable
002908,2024,17,7,7,1,0,0,0.4117647058823529,1.9411764705882353,verifiable
002912,2024,38,13,6,1,0,0,0.15789473684210525,1.4736842105263157,verifiable
002917,2024,2,0,0,0,0,1,0.0,1.0,symbolic
002920,2024,6,3,2,1,0,0,0.3333333333333333,1.5,verifiable
002925,2024,2,0,0,0,0,1,0.0,1.0,symbolic
002926,2024,1,0,0,0,0,1,0.0,2.0,symbolic
002927,2024,1,0,0,0,0,1,0.0,1.0,symbolic
002929,2024,33,16,15,1,0,0,0.45454545454545453,1.7575757575757576,verifiable
002933,2024,1,0,0,0,0,1,0.0,1.0,symbolic
002937,2024,2,0,0,0,0,1,0.0,1.0,symbolic
002938,2024,2,0,1,1,0,0,0.5,1.5,verifiable
002943,2024,1,0,0,0,0,1,0.0,1.0,symbolic
002945,2024,3,1,0,0,1,0,0.0,1.0,soft_substantive
002948,2024,1,1,0,0,1,0,0.0,1.0,soft_substantive
002949,2024,5,2,0,0,1,0,0.0,0.8,soft_substantive
002955,2024,6,3,2,1,0,0,0.3333333333333333,1.6666666666666667,verifiable
002958,2024,1,1,0,0,1,0,0.0,1.0,soft_substantive
002959,2024,1,0,0,0,0,1,0.0,1.0,symbolic
002960,2024,2,0,1,1,0,0,0.5,1.5,verifiable
002962,2024,1,0,0,0,0,1,0.0,1.0,symbolic
002966,2024,1,0,0,0,0,1,0.0,2.0,symbolic
002967,2024,4,0,1,1,0,0,0.25,1.5,verifiable
002970,2024,13,4,1,1,0,0,0.07692307692307693,1.4615384615384615,verifiable
002973,2024,6,1,0,0,1,0,0.0,1.1666666666666667,soft_substantive
002975,2024,4,3,3,1,0,0,0.75,2.0,verifiable
002980,2024,16,6,0,0,1,0,0.0,1.3125,soft_substantive
002981,2024,3,0,0,0,0,1,0.0,1.0,symbolic
002983,2024,1,0,0,0,0,1,0.0,1.0,symbolic
002987,2024,25,12,7,1,0,0,0.28,1.48,verifiable
002989,2024,1,0,0,0,0,1,0.0,1.0,symbolic
002990,2024,12,4,6,1,0,0,0.5,2.0833333333333335,verifiable
002991,2024,2,2,2,1,0,0,1.0,3.5,verifiable
002993,2024,7,5,2,1,0,0,0.2857142857142857,1.7142857142857142,verifiable
002995,2024,4,1,0,0,1,0,0.0,1.75,soft_substantive
003001,2024,3,1,1,1,0,0,0.3333333333333333,1.6666666666666667,verifiable
003003,2024,1,1,1,1,0,0,1.0,2.0,verifiable
003004,2024,4,1,2,1,0,0,0.5,1.5,verifiable
003005,2024,74,23,5,1,0,0,0.06756756756756757,1.162162162162162,verifiable
003007,2024,27,8,7,1,0,0,0.25925925925925924,1.8888888888888888,verifiable
003010,2024,8,3,2,1,0,0,0.25,1.5,verifiable
003013,2024,2,1,0,0,1,0,0.0,1.5,soft_substantive
003019,2024,1,0,1,1,0,0,1.0,2.0,verifiable
003021,2024,2,1,1,1,0,0,0.5,2.0,verifiable
003028,2024,2,1,0,0,1,0,0.0,1.5,soft_substantive
003029,2024,15,5,3,1,0,0,0.2,1.4666666666666666,verifiable
003031,2024,1,1,1,1,0,0,1.0,3.0,verifiable
003032,2024,10,0,1,1,0,0,0.1,1.2,verifiable
003040,2024,11,2,3,1,0,0,0.2727272727272727,1.7272727272727273,verifiable
003816,2024,1,1,0,0,1,0,0.0,1.0,soft_substantive
300001,2024,6,3,2,1,0,0,0.3333333333333333,1.3333333333333333,verifiable
300002,2024,24,12,3,1,0,0,0.125,1.5,verifiable
300005,2024,4,2,0,0,1,0,0.0,1.5,soft_substantive
300007,2024,3,2,0,0,1,0,0.0,1.3333333333333333,soft_substantive
300010,2024,20,9,3,1,0,0,0.15,1.35,verifiable
300012,2024,1,0,1,1,0,0,1.0,2.0,verifiable
300014,2024,1,1,1,1,0,0,1.0,3.0,verifiable
300015,2024,11,9,5,1,0,0,0.45454545454545453,2.272727272727273,verifiable
300017,2024,2,1,2,1,0,0,1.0,2.5,verifiable
300020,2024,9,4,4,1,0,0,0.4444444444444444,1.5555555555555556,verifiable
300021,2024,1,0,0,0,0,1,0.0,1.0,symbolic
300024,2024,5,0,1,1,0,0,0.2,1.8,verifiable
300025,2024,1,1,0,0,1,0,0.0,1.0,soft_substantive
300026,2024,2,1,0,0,1,0,0.0,1.0,soft_substantive
300031,2024,5,1,1,1,0,0,0.2,1.4,verifiable
300033,2024,27,7,4,1,0,0,0.14814814814814814,1.7777777777777777,verifiable
300035,2024,1,0,0,0,0,1,0.0,1.0,symbolic
300036,2024,21,6,11,1,0,0,0.5238095238095238,2.0,verifiable
300042,2024,1,1,1,1,0,0,1.0,3.0,verifiable
300043,2024,6,3,0,0,1,0,0.0,1.3333333333333333,soft_substantive
300047,2024,25,10,6,1,0,0,0.24,1.76,verifiable
300052,2024,1,0,1,1,0,0,1.0,3.0,verifiable
300053,2024,4,2,1,1,0,0,0.25,1.25,verifiable
300054,2024,1,1,1,1,0,0,1.0,2.0,verifiable
300058,2024,6,4,0,0,1,0,0.0,1.5,soft_substantive
300059,2024,8,6,3,1,0,0,0.375,1.75,verifiable
300061,2024,7,1,0,0,1,0,0.0,1.2857142857142858,soft_substantive
300063,2024,9,8,4,1,0,0,0.4444444444444444,1.7777777777777777,verifiable
300065,2024,3,1,0,0,1,0,0.0,1.3333333333333333,soft_substantive
300067,2024,9,2,2,1,0,0,0.2222222222222222,1.6666666666666667,verifiable
300071,2024,27,9,7,1,0,0,0.25925925925925924,1.5185185185185186,verifiable
300074,2024,2,0,0,0,0,1,0.0,1.0,symbolic
300075,2024,29,16,5,1,0,0,0.1724137931034483,1.5172413793103448,verifiable
300076,2024,1,1,0,0,1,0,0.0,1.0,soft_substantive
300077,2024,1,1,0,0,1,0,0.0,1.0,soft_substantive
300078,2024,1,0,1,1,0,0,1.0,3.0,verifiable
300079,2024,4,3,0,0,1,0,0.0,0.5,soft_substantive
300081,2024,14,4,3,1,0,0,0.21428571428571427,1.2142857142857142,verifiable
300085,2024,1,1,0,0,1,0,0.0,2.0,soft_substantive
300096,2024,15,5,4,1,0,0,0.26666666666666666,1.4666666666666666,verifiable
300098,2024,5,3,1,1,0,0,0.2,1.6,verifiable
300099,2024,3,2,0,0,1,0,0.0,1.3333333333333333,soft_substantive
300103,2024,2,0,0,0,0,1,0.0,0.5,symbolic
300105,2024,1,1,0,0,1,0,0.0,1.0,soft_substantive
300113,2024,15,4,4,1,0,0,0.26666666666666666,1.4666666666666666,verifiable
300115,2024,5,3,0,0,1,0,0.0,1.2,soft_substantive
300124,2024,8,3,2,1,0,0,0.25,1.5,verifiable
300130,2024,6,2,1,1,0,0,0.16666666666666666,1.5,verifiable
300131,2024,4,0,0,0,0,1,0.0,1.25,symbolic
300133,2024,11,4,2,1,0,0,0.18181818181818182,1.1818181818181819,verifiable
300137,2024,2,2,0,0,1,0,0.0,1.5,soft_substantive
300139,2024,1,0,0,0,0,1,0.0,1.0,symbolic
300143,2024,4,1,1,1,0,0,0.25,1.5,verifiable
300153,2024,1,0,0,0,0,1,0.0,1.0,symbolic
300155,2024,8,2,1,1,0,0,0.125,1.375,verifiable
300161,2024,4,0,1,1,0,0,0.25,1.5,verifiable
300162,2024,1,1,0,0,1,0,0.0,1.0,soft_substantive
300165,2024,2,0,0,0,0,1,0.0,1.0,symbolic
300166,2024,49,15,13,1,0,0,0.2653061224489796,1.7755102040816326,verifiable
300168,2024,33,11,10,1,0,0,0.30303030303030304,1.9090909090909092,verifiable
300170,2024,12,9,6,1,0,0,0.5,2.1666666666666665,verifiable
300172,2024,2,1,0,0,1,0,0.0,1.0,soft_substantive
300177,2024,4,1,1,1,0,0,0.25,1.5,verifiable
300180,2024,5,4,4,1,0,0,0.8,2.2,verifiable
300182,2024,25,8,3,1,0,0,0.12,1.28,verifiable
300184,2024,3,1,3,1,0,0,1.0,2.0,verifiable
300187,2024,1,0,0,0,0,1,0.0,1.0,symbolic
300188,2024,59,22,10,1,0,0,0.1694915254237288,1.4576271186440677,verifiable
300192,2024,4,1,0,0,1,0,0.0,1.5,soft_substantive
300203,2024,4,2,0,0,1,0,0.0,1.75,soft_substantive
300206,2024,2,1,0,0,1,0,0.0,1.5,soft_substantive
300207,2024,2,1,0,0,1,0,0.0,1.0,soft_substantive
300212,2024,13,8,8,1,0,0,0.6153846153846154,2.230769230769231,verifiable
300213,2024,13,4,2,1,0,0,0.15384615384615385,1.5384615384615385,verifiable
300214,2024,1,0,0,0,0,1,0.0,1.0,symbolic
300223,2024,3,0,0,0,0,1,0.0,1.3333333333333333,symbolic
300224,2024,1,0,0,0,0,1,0.0,2.0,symbolic
300226,2024,20,8,7,1,0,0,0.35,1.75,verifiable
300227,2024,5,3,2,1,0,0,0.4,2.4,verifiable
300229,2024,139,56,24,1,0,0,0.17266187050359713,1.5179856115107915,verifiable
300231,2024,3,0,0,0,0,1,0.0,1.3333333333333333,symbolic
300232,2024,12,8,2,1,0,0,0.16666666666666666,1.75,verifiable
300235,2024,24,4,1,1,0,0,0.041666666666666664,1.5,verifiable
300240,2024,5,1,0,0,1,0,0.0,1.2,soft_substantive
300242,2024,1,1,0,0,1,0,0.0,2.0,soft_substantive
300244,2024,4,3,0,0,1,0,0.0,1.75,soft_substantive
300245,2024,5,2,3,1,0,0,0.6,1.8,verifiable
300248,2024,14,6,7,1,0,0,0.5,1.7142857142857142,verifiable
300249,2024,3,2,0,0,1,0,0.0,1.0,soft_substantive
300250,2024,14,4,3,1,0,0,0.21428571428571427,1.2857142857142858,verifiable
300252,2024,1,1,1,1,0,0,1.0,2.0,verifiable
300253,2024,15,8,7,1,0,0,0.4666666666666667,1.6,verifiable
300259,2024,3,2,1,1,0,0,0.3333333333333333,2.0,verifiable
300264,2024,3,0,0,0,0,1,0.0,1.0,symbolic
300270,2024,1,0,1,1,0,0,1.0,2.0,verifiable
300271,2024,38,10,5,1,0,0,0.13157894736842105,1.4473684210526316,verifiable
300272,2024,1,0,0,0,0,1,0.0,2.0,symbolic
300274,2024,2,0,1,1,0,0,0.5,2.0,verifiable
300275,2024,16,9,5,1,0,0,0.3125,1.625,verifiable
300276,2024,1,0,0,0,0,1,0.0,1.0,symbolic
300285,2024,1,1,1,1,0,0,1.0,2.0,verifiable
300286,2024,2,1,0,0,1,0,0.0,2.0,soft_substantive
300287,2024,20,11,2,1,0,0,0.1,1.3,verifiable
300288,2024,14,8,5,1,0,0,0.35714285714285715,1.5714285714285714,verifiable
300290,2024,5,3,2,1,0,0,0.4,1.4,verifiable
300291,2024,1,0,0,0,0,1,0.0,0.0,symbolic
300293,2024,1,0,0,0,0,1,0.0,1.0,symbolic
300295,2024,1,0,0,0,0,1,0.0,2.0,symbolic
300296,2024,15,11,2,1,0,0,0.13333333333333333,1.5333333333333334,verifiable
300299,2024,3,2,0,0,1,0,0.0,0.3333333333333333,soft_substantive
300300,2024,1,0,0,0,0,1,0.0,1.0,symbolic
300302,2024,4,1,1,1,0,0,0.25,1.25,verifiable
300308,2024,2,0,0,0,0,1,0.0,1.0,symbolic
300310,2024,7,5,3,1,0,0,0.42857142857142855,1.8571428571428572,verifiable
300311,2024,9,4,0,0,1,0,0.0,1.2222222222222223,soft_substantive
300319,2024,2,1,1,1,0,0,0.5,2.5,verifiable
300322,2024,1,1,0,0,1,0,0.0,1.0,soft_substantive
300324,2024,9,2,1,1,0,0,0.1111111111111111,1.3333333333333333,verifiable
300331,2024,4,1,0,0,1,0,0.0,1.75,soft_substantive
300335,2024,1,1,0,0,1,0,0.0,1.0,soft_substantive
300338,2024,1,0,0,0,0,1,0.0,1.0,symbolic
300339,2024,39,21,12,1,0,0,0.3076923076923077,1.7435897435897436,verifiable
300341,2024,1,0,1,1,0,0,1.0,2.0,verifiable
300342,2024,1,0,0,0,0,1,0.0,1.0,symbolic
300347,2024,9,3,3,1,0,0,0.3333333333333333,1.2222222222222223,verifiable
300348,2024,18,6,2,1,0,0,0.1111111111111111,1.3888888888888888,verifiable
300349,2024,9,3,4,1,0,0,0.4444444444444444,2.0,verifiable
300352,2024,11,2,3,1,0,0,0.2727272727272727,1.4545454545454546,verifiable
300353,2024,5,1,2,1,0,0,0.4,1.8,verifiable
300358,2024,2,1,0,0,1,0,0.0,1.0,soft_substantive
300359,2024,3,0,1,1,0,0,0.3333333333333333,2.3333333333333335,verifiable
300364,2024,21,9,2,1,0,0,0.09523809523809523,1.3333333333333333,verifiable
300365,2024,7,3,1,1,0,0,0.14285714285714285,1.7142857142857142,verifiable
300366,2024,14,7,3,1,0,0,0.21428571428571427,1.4285714285714286,verifiable
300368,2024,3,0,0,0,0,1,0.0,1.3333333333333333,symbolic
300369,2024,31,8,10,1,0,0,0.3225806451612903,1.8064516129032258,verifiable
300370,2024,4,1,2,1,0,0,0.5,1.75,verifiable
300371,2024,6,3,1,1,0,0,0.16666666666666666,1.5,verifiable
300376,2024,6,2,1,1,0,0,0.16666666666666666,2.0,verifiable
300377,2024,8,2,2,1,0,0,0.25,1.5,verifiable
300378,2024,15,5,4,1,0,0,0.26666666666666666,1.7333333333333334,verifiable
300379,2024,30,13,8,1,0,0,0.26666666666666666,1.5,verifiable
300380,2024,16,4,5,1,0,0,0.3125,1.8125,verifiable
300383,2024,20,6,5,1,0,0,0.25,1.55,verifiable
300384,2024,24,9,6,1,0,0,0.25,1.625,verifiable
300389,2024,6,3,1,1,0,0,0.16666666666666666,1.3333333333333333,verifiable
300390,2024,1,0,1,1,0,0,1.0,2.0,verifiable
300394,2024,2,0,0,0,0,1,0.0,1.0,symbolic
300396,2024,1,0,0,0,0,1,0.0,1.0,symbolic
300397,2024,11,4,1,1,0,0,0.09090909090909091,1.1818181818181819,verifiable
300399,2024,2,2,0,0,1,0,0.0,2.0,soft_substantive
300407,2024,1,0,0,0,0,1,0.0,2.0,symbolic
300408,2024,2,1,0,0,1,0,0.0,1.5,soft_substantive
300413,2024,6,1,1,1,0,0,0.16666666666666666,1.1666666666666667,verifiable
300418,2024,58,29,11,1,0,0,0.1896551724137931,1.4310344827586208,verifiable
300419,2024,10,2,2,1,0,0,0.2,1.5,verifiable
300420,2024,1,1,0,0,1,0,0.0,2.0,soft_substantive
300426,2024,7,1,1,1,0,0,0.14285714285714285,1.2857142857142858,verifiable
300433,2024,1,0,0,0,0,1,0.0,1.0,symbolic
300440,2024,4,2,1,1,0,0,0.25,1.0,verifiable
300442,2024,5,1,3,1,0,0,0.6,1.6,verifiable
300444,2024,1,1,0,0,1,0,0.0,1.0,soft_substantive
300445,2024,1,1,1,1,0,0,1.0,4.0,verifiable
300448,2024,15,5,2,1,0,0,0.13333333333333333,1.6666666666666667,verifiable
300449,2024,20,13,11,1,0,0,0.55,2.15,verifiable
300450,2024,1,0,0,0,0,1,0.0,2.0,symbolic
300451,2024,15,8,3,1,0,0,0.2,1.6666666666666667,verifiable
300454,2024,23,8,5,1,0,0,0.21739130434782608,1.608695652173913,verifiable
300456,2024,2,0,0,0,0,1,0.0,1.5,symbolic
300458,2024,10,3,2,1,0,0,0.2,1.2,verifiable
300459,2024,5,3,0,0,1,0,0.0,1.2,soft_substantive
300461,2024,1,0,0,0,0,1,0.0,1.0,symbolic
300465,2024,2,2,2,1,0,0,1.0,3.0,verifiable
300466,2024,12,3,0,0,1,0,0.0,1.25,soft_substantive
300467,2024,2,1,1,1,0,0,0.5,2.0,verifiable
300468,2024,11,3,1,1,0,0,0.09090909090909091,1.5454545454545454,verifiable
300469,2024,53,16,5,1,0,0,0.09433962264150944,1.3396226415094339,verifiable
300470,2024,1,1,0,0,1,0,0.0,0.0,soft_substantive
300471,2024,3,2,1,1,0,0,0.3333333333333333,2.6666666666666665,verifiable
300474,2024,4,0,0,0,0,1,0.0,1.0,symbolic
300479,2024,19,11,5,1,0,0,0.2631578947368421,1.4736842105263157,verifiable
300480,2024,6,1,0,0,1,0,0.0,1.6666666666666667,soft_substantive
300486,2024,2,2,0,0,1,0,0.0,2.0,soft_substantive
300490,2024,7,0,2,1,0,0,0.2857142857142857,1.4285714285714286,verifiable
300491,2024,2,0,0,0,0,1,0.0,1.0,symbolic
300492,2024,1,1,0,0,1,0,0.0,1.0,soft_substantive
300493,2024,3,0,0,0,0,1,0.0,1.3333333333333333,symbolic
300494,2024,27,14,8,1,0,0,0.2962962962962963,1.6666666666666667,verifiable
300496,2024,29,2,9,1,0,0,0.3103448275862069,1.5172413793103448,verifiable
300498,2024,1,0,1,1,0,0,1.0,2.0,verifiable
300500,2024,3,1,2,1,0,0,0.6666666666666666,1.6666666666666667,verifiable
300502,2024,3,0,0,0,0,1,0.0,1.3333333333333333,symbolic
300503,2024,1,0,0,0,0,1,0.0,1.0,symbolic
300507,2024,1,1,0,0,1,0,0.0,1.0,soft_substantive
300513,2024,1,1,0,0,1,0,0.0,1.0,soft_substantive
300520,2024,54,22,23,1,0,0,0.42592592592592593,1.9074074074074074,verifiable
300523,2024,22,10,2,1,0,0,0.09090909090909091,1.4090909090909092,verifiable
300525,2024,26,9,5,1,0,0,0.19230769230769232,1.5,verifiable
300531,2024,2,1,0,0,1,0,0.0,1.5,soft_substantive
300532,2024,2,1,1,1,0,0,0.5,1.5,verifiable
300536,2024,5,1,0,0,1,0,0.0,1.0,soft_substantive
300541,2024,10,3,4,1,0,0,0.4,1.8,verifiable
300542,2024,15,5,3,1,0,0,0.2,1.6,verifiable
300543,2024,1,0,0,0,0,1,0.0,0.0,symbolic
300546,2024,5,3,3,1,0,0,0.6,1.8,verifiable
300547,2024,1,0,0,0,0,1,0.0,1.0,symbolic
300550,2024,2,2,1,1,0,0,0.5,2.0,verifiable
300551,2024,2,1,1,1,0,0,0.5,2.0,verifiable
300552,2024,1,1,0,0,1,0,0.0,1.0,soft_substantive
300555,2024,6,2,0,0,1,0,0.0,1.6666666666666667,soft_substantive
300556,2024,8,3,2,1,0,0,0.25,1.25,verifiable
300557,2024,2,2,0,0,1,0,0.0,1.0,soft_substantive
300559,2024,5,3,1,1,0,0,0.2,2.0,verifiable
300560,2024,5,0,0,0,0,1,0.0,1.2,symbolic
300562,2024,11,2,0,0,1,0,0.0,1.1818181818181819,soft_substantive
300563,2024,2,0,0,0,0,1,0.0,1.0,symbolic
300564,2024,3,1,0,0,1,0,0.0,0.6666666666666666,soft_substantive
300568,2024,2,1,0,0,1,0,0.0,2.0,soft_substantive
300571,2024,4,2,2,1,0,0,0.5,2.0,verifiable
300572,2024,3,3,1,1,0,0,0.3333333333333333,1.6666666666666667,verifiable
300575,2024,1,0,0,0,0,1,0.0,0.0,symbolic
300578,2024,19,3,1,1,0,0,0.05263157894736842,1.368421052631579,verifiable
300583,2024,1,0,0,0,0,1,0.0,1.0,symbolic
300588,2024,7,3,1,1,0,0,0.14285714285714285,1.4285714285714286,verifiable
300591,2024,1,0,0,0,0,1,0.0,1.0,symbolic
300592,2024,2,0,0,0,0,1,0.0,1.5,symbolic
300596,2024,2,1,0,0,1,0,0.0,1.5,soft_substantive
300597,2024,4,0,2,1,0,0,0.5,1.75,verifiable
300598,2024,7,3,3,1,0,0,0.42857142857142855,2.2857142857142856,verifiable
300602,2024,2,1,0,0,1,0,0.0,1.5,soft_substantive
300603,2024,9,1,2,1,0,0,0.2222222222222222,1.3333333333333333,verifiable
300604,2024,1,1,0,0,1,0,0.0,1.0,soft_substantive
300607,2024,14,9,4,1,0,0,0.2857142857142857,1.7142857142857142,verifiable
300608,2024,75,27,7,1,0,0,0.09333333333333334,1.3066666666666666,verifiable
300609,2024,7,4,4,1,0,0,0.5714285714285714,2.7142857142857144,verifiable
300612,2024,16,8,4,1,0,0,0.25,1.75,verifiable
300613,2024,7,2,0,0,1,0,0.0,1.2857142857142858,soft_substantive
300616,2024,4,0,0,0,0,1,0.0,0.75,symbolic
300617,2024,1,0,1,1,0,0,1.0,3.0,verifiable
300620,2024,1,0,0,0,0,1,0.0,1.0,symbolic
300622,2024,1,0,0,0,0,1,0.0,1.0,symbolic
300623,2024,1,0,0,0,0,1,0.0,1.0,symbolic
300624,2024,20,11,14,1,0,0,0.7,2.55,verifiable
300628,2024,3,1,0,0,1,0,0.0,1.0,soft_substantive
300633,2024,2,1,0,0,1,0,0.0,1.5,soft_substantive
300634,2024,59,28,12,1,0,0,0.2033898305084746,1.5084745762711864,verifiable
300635,2024,4,2,0,0,1,0,0.0,1.5,soft_substantive
300638,2024,6,3,3,1,0,0,0.5,1.8333333333333333,verifiable
300639,2024,2,2,1,1,0,0,0.5,2.0,verifiable
300645,2024,8,1,4,1,0,0,0.5,2.25,verifiable
300654,2024,12,1,4,1,0,0,0.3333333333333333,1.5833333333333333,verifiable
300657,2024,23,6,8,1,0,0,0.34782608695652173,1.9130434782608696,verifiable
300659,2024,5,1,1,1,0,0,0.2,1.6,verifiable
300661,2024,3,3,0,0,1,0,0.0,1.3333333333333333,soft_substantive
300662,2024,5,1,1,1,0,0,0.2,1.6,verifiable
300663,2024,24,10,6,1,0,0,0.25,1.625,verifiable
300666,2024,1,1,0,0,1,0,0.0,2.0,soft_substantive
300668,2024,1,0,1,1,0,0,1.0,3.0,verifiable
300672,2024,13,4,2,1,0,0,0.15384615384615385,1.4615384615384615,verifiable
300674,2024,18,8,7,1,0,0,0.3888888888888889,1.7777777777777777,verifiable
300675,2024,3,1,1,1,0,0,0.3333333333333333,1.0,verifiable
300676,2024,11,5,3,1,0,0,0.2727272727272727,1.6363636363636365,verifiable
300678,2024,17,4,5,1,0,0,0.29411764705882354,1.4705882352941178,verifiable
300680,2024,4,2,0,0,1,0,0.0,1.25,soft_substantive
300681,2024,1,1,0,0,1,0,0.0,1.0,soft_substantive
300682,2024,14,9,7,1,0,0,0.5,2.2857142857142856,verifiable
300684,2024,4,0,0,0,0,1,0.0,1.0,symbolic
300685,2024,1,0,0,0,0,1,0.0,0.0,symbolic
300686,2024,1,0,0,0,0,1,0.0,1.0,symbolic
300687,2024,32,12,7,1,0,0,0.21875,1.53125,verifiable
300688,2024,27,14,10,1,0,0,0.37037037037037035,2.0,verifiable
300698,2024,7,2,2,1,0,0,0.2857142857142857,2.0,verifiable
300703,2024,6,1,1,1,0,0,0.16666666666666666,1.1666666666666667,verifiable
300705,2024,1,0,0,0,0,1,0.0,1.0,symbolic
300707,2024,1,0,0,0,0,1,0.0,1.0,symbolic
300709,2024,3,2,0,0,1,0,0.0,1.3333333333333333,soft_substantive
300711,2024,4,2,1,1,0,0,0.25,1.5,verifiable
300723,2024,2,0,0,0,0,1,0.0,1.0,symbolic
300725,2024,5,3,2,1,0,0,0.4,2.0,verifiable
300729,2024,3,1,0,0,1,0,0.0,0.3333333333333333,soft_substantive
300730,2024,14,2,2,1,0,0,0.14285714285714285,1.3571428571428572,verifiable
300731,2024,2,2,0,0,1,0,0.0,1.0,soft_substantive
300738,2024,1,0,0,0,0,1,0.0,0.0,symbolic
300740,2024,2,2,1,1,0,0,0.5,2.5,verifiable
300746,2024,7,4,1,1,0,0,0.14285714285714285,1.4285714285714286,verifiable
300747,2024,1,0,1,1,0,0,1.0,4.0,verifiable
300748,2024,1,0,0,0,0,1,0.0,1.0,symbolic
300752,2024,2,0,0,0,0,1,0.0,1.0,symbolic
300753,2024,1,0,0,0,0,1,0.0,1.0,symbolic
300757,2024,4,0,0,0,0,1,0.0,1.0,symbolic
300760,2024,23,8,8,1,0,0,0.34782608695652173,1.7391304347826086,verifiable
300761,2024,1,0,0,0,0,1,0.0,1.0,symbolic
300762,2024,1,0,0,0,0,1,0.0,1.0,symbolic
300766,2024,32,9,11,1,0,0,0.34375,1.65625,verifiable
300768,2024,10,4,2,1,0,0,0.2,1.7,verifiable
300770,2024,8,2,3,1,0,0,0.375,1.625,verifiable
300773,2024,9,4,4,1,0,0,0.4444444444444444,2.4444444444444446,verifiable
300778,2024,3,1,1,1,0,0,0.3333333333333333,1.6666666666666667,verifiable
300781,2024,62,26,25,1,0,0,0.4032258064516129,2.129032258064516,verifiable
300785,2024,52,23,7,1,0,0,0.1346153846153846,1.5576923076923077,verifiable
300788,2024,1,0,0,0,0,1,0.0,1.0,symbolic
300789,2024,9,3,2,1,0,0,0.2222222222222222,1.3333333333333333,verifiable
300791,2024,1,1,1,1,0,0,1.0,2.0,verifiable
300792,2024,5,2,0,0,1,0,0.0,0.8,soft_substantive
300793,2024,3,2,0,0,1,0,0.0,1.0,soft_substantive
300795,2024,4,2,1,1,0,0,0.25,1.25,verifiable
300798,2024,6,1,5,1,0,0,0.8333333333333334,2.5,verifiable
300800,2024,3,2,0,0,1,0,0.0,1.0,soft_substantive
300805,2024,8,6,2,1,0,0,0.25,2.5,verifiable
300807,2024,1,1,0,0,1,0,0.0,1.0,soft_substantive
300810,2024,1,0,0,0,0,1,0.0,1.0,symbolic
300811,2024,2,0,0,0,0,1,0.0,1.5,symbolic
300813,2024,1,0,0,0,0,1,0.0,1.0,symbolic
300815,2024,4,1,0,0,1,0,0.0,1.25,soft_substantive
300816,2024,1,0,1,1,0,0,1.0,2.0,verifiable
300822,2024,1,1,0,0,1,0,0.0,1.0,soft_substantive
300825,2024,13,6,5,1,0,0,0.38461538461538464,1.6923076923076923,verifiable
300826,2024,4,3,1,1,0,0,0.25,2.25,verifiable
300830,2024,31,14,1,1,0,0,0.03225806451612903,1.4193548387096775,verifiable
300836,2024,3,1,0,0,1,0,0.0,1.0,soft_substantive
300840,2024,15,5,1,1,0,0,0.06666666666666667,1.6666666666666667,verifiable
300843,2024,1,0,0,0,0,1,0.0,1.0,symbolic
300844,2024,1,0,0,0,0,1,0.0,2.0,symbolic
300845,2024,8,1,0,0,1,0,0.0,1.125,soft_substantive
300846,2024,50,12,10,1,0,0,0.2,1.72,verifiable
300851,2024,1,0,0,0,0,1,0.0,1.0,symbolic
300852,2024,1,0,1,1,0,0,1.0,2.0,verifiable
300853,2024,6,3,2,1,0,0,0.3333333333333333,1.3333333333333333,verifiable
300857,2024,17,8,4,1,0,0,0.23529411764705882,1.2941176470588236,verifiable
300860,2024,2,1,0,0,1,0,0.0,1.5,soft_substantive
300862,2024,2,0,0,0,0,1,0.0,1.0,symbolic
300864,2024,1,0,1,1,0,0,1.0,2.0,verifiable
300866,2024,5,2,1,1,0,0,0.2,1.2,verifiable
300867,2024,1,1,0,0,1,0,0.0,1.0,soft_substantive
300870,2024,5,1,1,1,0,0,0.2,1.4,verifiable
300872,2024,33,20,9,1,0,0,0.2727272727272727,1.7272727272727273,verifiable
300873,2024,17,6,1,1,0,0,0.058823529411764705,1.1176470588235294,verifiable
300875,2024,1,1,0,0,1,0,0.0,1.0,soft_substantive
300884,2024,27,10,3,1,0,0,0.1111111111111111,1.4444444444444444,verifiable
300887,2024,3,1,0,0,1,0,0.0,1.3333333333333333,soft_substantive
300888,2024,1,1,0,0,1,0,0.0,1.0,soft_substantive
300895,2024,9,0,1,1,0,0,0.1111111111111111,1.7777777777777777,verifiable
300897,2024,4,3,1,1,0,0,0.25,1.75,verifiable
300902,2024,2,0,0,0,0,1,0.0,0.5,symbolic
300913,2024,2,1,2,1,0,0,1.0,2.0,verifiable
300915,2024,1,1,1,1,0,0,1.0,3.0,verifiable
300921,2024,16,4,3,1,0,0,0.1875,1.9375,verifiable
300925,2024,21,15,9,1,0,0,0.42857142857142855,1.9047619047619047,verifiable
300926,2024,1,0,0,0,0,1,0.0,1.0,symbolic
300928,2024,1,0,0,0,0,1,0.0,1.0,symbolic
300935,2024,7,4,3,1,0,0,0.42857142857142855,1.7142857142857142,verifiable
300937,2024,5,1,1,1,0,0,0.2,1.8,verifiable
300938,2024,2,1,0,0,1,0,0.0,1.5,soft_substantive
300940,2024,2,0,0,0,0,1,0.0,1.5,symbolic
300941,2024,5,3,3,1,0,0,0.6,1.6,verifiable
300945,2024,1,1,1,1,0,0,1.0,2.0,verifiable
300949,2024,5,2,0,0,1,0,0.0,1.4,soft_substantive
300953,2024,2,0,0,0,0,1,0.0,1.0,symbolic
300956,2024,2,0,0,0,0,1,0.0,2.0,symbolic
300957,2024,1,0,0,0,0,1,0.0,0.0,symbolic
300958,2024,2,0,0,0,0,1,0.0,1.5,symbolic
300959,2024,4,1,0,0,1,0,0.0,1.5,soft_substantive
300961,2024,1,1,0,0,1,0,0.0,2.0,soft_substantive
300968,2024,2,0,0,0,0,1,0.0,0.0,symbolic
300975,2024,2,0,0,0,0,1,0.0,2.5,symbolic
300976,2024,2,0,0,0,0,1,0.0,0.5,symbolic
300977,2024,1,0,0,0,0,1,0.0,1.0,symbolic
300982,2024,1,1,0,0,1,0,0.0,1.0,soft_substantive
300983,2024,3,2,0,0,1,0,0.0,0.6666666666666666,soft_substantive
300989,2024,27,7,2,1,0,0,0.07407407407407407,1.1851851851851851,verifiable
300990,2024,1,0,0,0,0,1,0.0,1.0,symbolic
300996,2024,6,2,1,1,0,0,0.16666666666666666,1.1666666666666667,verifiable
301001,2024,10,6,5,1,0,0,0.5,2.3,verifiable
301005,2024,1,0,0,0,0,1,0.0,1.0,symbolic
301013,2024,2,0,0,0,0,1,0.0,0.5,symbolic
301018,2024,2,0,0,0,0,1,0.0,1.5,symbolic
301021,2024,1,1,0,0,1,0,0.0,1.0,soft_substantive
301022,2024,3,0,0,0,0,1,0.0,1.0,symbolic
301024,2024,1,1,0,0,1,0,0.0,1.0,soft_substantive
301027,2024,6,4,2,1,0,0,0.3333333333333333,1.5,verifiable
301029,2024,2,2,0,0,1,0,0.0,1.0,soft_substantive
301033,2024,1,0,0,0,0,1,0.0,1.0,symbolic
301041,2024,3,2,1,1,0,0,0.3333333333333333,2.3333333333333335,verifiable
301052,2024,5,3,1,1,0,0,0.2,1.4,verifiable
301058,2024,1,0,0,0,0,1,0.0,2.0,symbolic
301066,2024,6,2,1,1,0,0,0.16666666666666666,1.6666666666666667,verifiable
301070,2024,4,3,0,0,1,0,0.0,1.5,soft_substantive
301072,2024,1,1,0,0,1,0,0.0,1.0,soft_substantive
301076,2024,1,0,0,0,0,1,0.0,0.0,symbolic
301078,2024,6,2,0,0,1,0,0.0,1.0,soft_substantive
301080,2024,1,0,0,0,0,1,0.0,1.0,symbolic
301085,2024,19,2,3,1,0,0,0.15789473684210525,1.5263157894736843,verifiable
301086,2024,1,1,0,0,1,0,0.0,1.0,soft_substantive
301087,2024,1,1,0,0,1,0,0.0,1.0,soft_substantive
301089,2024,1,0,0,0,0,1,0.0,2.0,symbolic
301091,2024,16,8,1,1,0,0,0.0625,1.5,verifiable
301092,2024,1,1,0,0,1,0,0.0,1.0,soft_substantive
301095,2024,7,5,4,1,0,0,0.5714285714285714,2.7142857142857144,verifiable
301099,2024,2,0,0,0,0,1,0.0,1.5,symbolic
301102,2024,1,1,0,0,1,0,0.0,1.0,soft_substantive
301109,2024,1,1,1,1,0,0,1.0,2.0,verifiable
301110,2024,7,2,2,1,0,0,0.2857142857142857,1.7142857142857142,verifiable
301117,2024,5,2,2,1,0,0,0.4,1.6,verifiable
301119,2024,1,1,1,1,0,0,1.0,2.0,verifiable
301120,2024,1,0,0,0,0,1,0.0,1.0,symbolic
301121,2024,2,2,0,0,1,0,0.0,1.0,soft_substantive
301123,2024,3,1,1,1,0,0,0.3333333333333333,1.3333333333333333,verifiable
301127,2024,1,0,0,0,0,1,0.0,1.0,symbolic
301128,2024,2,1,0,0,1,0,0.0,2.0,soft_substantive
301129,2024,9,6,2,1,0,0,0.2222222222222222,2.111111111111111,verifiable
301130,2024,1,0,0,0,0,1,0.0,1.0,symbolic
301133,2024,1,0,0,0,0,1,0.0,0.0,symbolic
301135,2024,3,0,2,1,0,0,0.6666666666666666,2.0,verifiable
301136,2024,1,0,1,1,0,0,1.0,3.0,verifiable
301139,2024,2,1,0,0,1,0,0.0,1.5,soft_substantive
301153,2024,1,0,0,0,0,1,0.0,2.0,symbolic
301155,2024,1,1,0,0,1,0,0.0,1.0,soft_substantive
301157,2024,1,0,0,0,0,1,0.0,1.0,symbolic
301159,2024,16,4,1,1,0,0,0.0625,1.5,verifiable
301160,2024,1,0,0,0,0,1,0.0,1.0,symbolic
301162,2024,21,4,3,1,0,0,0.14285714285714285,1.4285714285714286,verifiable
301165,2024,7,1,3,1,0,0,0.42857142857142855,2.142857142857143,verifiable
301167,2024,1,0,1,1,0,0,1.0,2.0,verifiable
301169,2024,18,3,5,1,0,0,0.2777777777777778,1.5,verifiable
301171,2024,17,5,4,1,0,0,0.23529411764705882,1.588235294117647,verifiable
301172,2024,35,10,5,1,0,0,0.14285714285714285,1.4,verifiable
301175,2024,1,0,0,0,0,1,0.0,1.0,symbolic
301177,2024,2,0,0,0,0,1,0.0,1.0,symbolic
301178,2024,9,5,4,1,0,0,0.4444444444444444,1.6666666666666667,verifiable
301179,2024,1,1,1,1,0,0,1.0,2.0,verifiable
301183,2024,2,0,1,1,0,0,0.5,1.5,verifiable
301185,2024,9,4,4,1,0,0,0.4444444444444444,1.6666666666666667,verifiable
301187,2024,1,0,0,0,0,1,0.0,2.0,symbolic
301189,2024,1,0,0,0,0,1,0.0,2.0,symbolic
301191,2024,9,4,4,1,0,0,0.4444444444444444,1.6666666666666667,verifiable
301195,2024,1,1,0,0,1,0,0.0,1.0,soft_substantive
301199,2024,1,0,0,0,0,1,0.0,1.0,symbolic
301200,2024,4,0,1,1,0,0,0.25,1.75,verifiable
301202,2024,1,1,0,0,1,0,0.0,2.0,soft_substantive
301205,2024,2,2,1,1,0,0,0.5,2.5,verifiable
301208,2024,4,3,2,1,0,0,0.5,2.5,verifiable
301213,2024,11,3,2,1,0,0,0.18181818181818182,1.2727272727272727,verifiable
301218,2024,2,1,1,1,0,0,0.5,1.5,verifiable
301221,2024,7,1,1,1,0,0,0.14285714285714285,1.2857142857142858,verifiable
301230,2024,3,1,0,0,1,0,0.0,0.6666666666666666,soft_substantive
301231,2024,1,0,0,0,0,1,0.0,1.0,symbolic
301236,2024,69,32,22,1,0,0,0.3188405797101449,2.072463768115942,verifiable
301248,2024,29,9,12,1,0,0,0.41379310344827586,2.0344827586206895,verifiable
301257,2024,1,0,0,0,0,1,0.0,2.0,symbolic
301260,2024,1,0,0,0,0,1,0.0,1.0,symbolic
301262,2024,9,3,2,1,0,0,0.2222222222222222,1.3333333333333333,verifiable
301268,2024,2,1,0,0,1,0,0.0,1.0,soft_substantive
301269,2024,1,0,1,1,0,0,1.0,4.0,verifiable
301270,2024,17,4,2,1,0,0,0.11764705882352941,1.6470588235294117,verifiable
301275,2024,1,1,0,0,1,0,0.0,1.0,soft_substantive
301282,2024,2,0,1,1,0,0,0.5,1.5,verifiable
301285,2024,1,0,0,0,0,1,0.0,1.0,symbolic
301287,2024,1,0,1,1,0,0,1.0,2.0,verifiable
301292,2024,1,1,1,1,0,0,1.0,2.0,verifiable
301293,2024,1,0,0,0,0,1,0.0,1.0,symbolic
301299,2024,15,2,4,1,0,0,0.26666666666666666,1.6,verifiable
301301,2024,1,1,0,0,1,0,0.0,1.0,soft_substantive
301302,2024,48,19,9,1,0,0,0.1875,1.3333333333333333,verifiable
301303,2024,3,2,0,0,1,0,0.0,0.6666666666666666,soft_substantive
301305,2024,2,0,0,0,0,1,0.0,0.5,symbolic
301307,2024,1,0,0,0,0,1,0.0,1.0,symbolic
301308,2024,8,4,1,1,0,0,0.125,1.5,verifiable
301311,2024,1,0,0,0,0,1,0.0,2.0,symbolic
301312,2024,2,1,0,0,1,0,0.0,1.5,soft_substantive
301313,2024,9,2,1,1,0,0,0.1111111111111111,1.1111111111111112,verifiable
301315,2024,10,5,4,1,0,0,0.4,1.9,verifiable
301316,2024,22,7,7,1,0,0,0.3181818181818182,1.8181818181818181,verifiable
301318,2024,3,0,0,0,0,1,0.0,1.0,symbolic
301326,2024,2,0,0,0,0,1,0.0,1.0,symbolic
301330,2024,29,11,5,1,0,0,0.1724137931034483,1.1724137931034482,verifiable
301335,2024,2,0,0,0,0,1,0.0,1.0,symbolic
301336,2024,2,1,0,0,1,0,0.0,1.0,soft_substantive
301337,2024,1,0,0,0,0,1,0.0,1.0,symbolic
301338,2024,3,2,0,0,1,0,0.0,1.0,soft_substantive
301339,2024,7,3,0,0,1,0,0.0,1.2857142857142858,soft_substantive
301356,2024,2,0,0,0,0,1,0.0,0.0,symbolic
301358,2024,1,1,1,1,0,0,1.0,2.0,verifiable
301360,2024,1,0,0,0,0,1,0.0,1.0,symbolic
301363,2024,4,2,0,0,1,0,0.0,1.0,soft_substantive
301365,2024,5,2,1,1,0,0,0.2,1.0,verifiable
301376,2024,4,1,0,0,1,0,0.0,1.25,soft_substantive
301378,2024,28,5,7,1,0,0,0.25,1.5714285714285714,verifiable
301380,2024,4,3,3,1,0,0,0.75,2.75,verifiable
301381,2024,4,1,1,1,0,0,0.25,1.25,verifiable
301382,2024,5,1,0,0,1,0,0.0,1.0,soft_substantive
301383,2024,3,0,0,0,0,1,0.0,1.0,symbolic
301387,2024,2,0,0,0,0,1,0.0,1.5,symbolic
301391,2024,2,0,1,1,0,0,0.5,1.5,verifiable
301396,2024,24,13,4,1,0,0,0.16666666666666666,1.6666666666666667,verifiable
301397,2024,2,0,0,0,0,1,0.0,1.0,symbolic
301421,2024,2,0,0,0,0,1,0.0,1.0,symbolic
301428,2024,3,0,0,0,0,1,0.0,0.6666666666666666,symbolic
301486,2024,1,0,0,0,0,1,0.0,1.0,symbolic
301487,2024,1,0,0,0,0,1,0.0,1.0,symbolic
301489,2024,2,0,0,0,0,1,0.0,1.5,symbolic
301499,2024,1,0,0,0,0,1,0.0,2.0,symbolic
301510,2024,2,1,1,1,0,0,0.5,2.0,verifiable
301511,2024,1,0,0,0,0,1,0.0,1.0,symbolic
301519,2024,2,0,0,0,0,1,0.0,1.0,symbolic
301536,2024,5,2,0,0,1,0,0.0,1.0,soft_substantive
301551,2024,1,1,0,0,1,0,0.0,1.0,soft_substantive
301556,2024,3,1,0,0,1,0,0.0,1.3333333333333333,soft_substantive
301558,2024,8,3,1,1,0,0,0.125,1.75,verifiable
301567,2024,1,0,0,0,0,1,0.0,1.0,symbolic
301578,2024,1,1,0,0,1,0,0.0,1.0,soft_substantive
301589,2024,1,0,0,0,0,1,0.0,1.0,symbolic
301606,2024,2,0,1,1,0,0,0.5,1.5,verifiable
301608,2024,4,2,0,0,1,0,0.0,1.0,soft_substantive
301622,2024,2,0,0,0,0,1,0.0,1.0,symbolic
301626,2024,1,0,0,0,0,1,0.0,1.0,symbolic
301628,2024,1,1,1,1,0,0,1.0,2.0,verifiable
301658,2024,1,0,0,0,0,1,0.0,0.0,symbolic
302132,2024,1,0,0,0,0,1,0.0,2.0,symbolic
430090,2024,6,2,2,1,0,0,0.3333333333333333,2.0,verifiable
430139,2024,1,1,0,0,1,0,0.0,1.0,soft_substantive
430198,2024,1,1,0,0,1,0,0.0,1.0,soft_substantive
430425,2024,1,1,0,0,1,0,0.0,1.0,soft_substantive
430564,2024,2,1,0,0,1,0,0.0,1.5,soft_substantive
600000,2024,14,5,5,1,0,0,0.35714285714285715,1.8571428571428572,verifiable
600012,2024,3,2,0,0,1,0,0.0,1.0,soft_substantive
600015,2024,1,0,0,0,0,1,0.0,1.0,symbolic
600016,2024,1,0,1,1,0,0,1.0,2.0,verifiable
600019,2024,3,1,1,1,0,0,0.3333333333333333,2.3333333333333335,verifiable
600021,2024,1,0,0,0,0,1,0.0,2.0,symbolic
600030,2024,1,0,0,0,0,1,0.0,1.0,symbolic
600031,2024,1,0,0,0,0,1,0.0,1.0,symbolic
600036,2024,15,5,4,1,0,0,0.26666666666666666,1.6666666666666667,verifiable
600039,2024,1,1,0,0,1,0,0.0,1.0,soft_substantive
600048,2024,1,1,0,0,1,0,0.0,1.0,soft_substantive
600050,2024,8,4,1,1,0,0,0.125,1.5,verifiable
600054,2024,1,0,0,0,0,1,0.0,1.0,symbolic
600055,2024,2,2,0,0,1,0,0.0,1.0,soft_substantive
600057,2024,1,0,0,0,0,1,0.0,3.0,symbolic
600060,2024,22,9,3,1,0,0,0.13636363636363635,1.5,verifiable
600061,2024,1,0,0,0,0,1,0.0,1.0,symbolic
600063,2024,37,15,7,1,0,0,0.1891891891891892,1.2972972972972974,verifiable
600089,2024,2,0,1,1,0,0,0.5,2.0,verifiable
600100,2024,15,9,8,1,0,0,0.5333333333333333,2.1333333333333333,verifiable
600104,2024,3,2,1,1,0,0,0.3333333333333333,2.0,verifiable
600109,2024,2,0,0,0,0,1,0.0,1.0,symbolic
600113,2024,1,0,0,0,0,1,0.0,2.0,symbolic
600120,2024,1,0,0,0,0,1,0.0,0.0,symbolic
600126,2024,1,1,0,0,1,0,0.0,1.0,soft_substantive
600129,2024,1,0,1,1,0,0,1.0,3.0,verifiable
600131,2024,4,1,1,1,0,0,0.25,1.5,verifiable
600153,2024,4,0,0,0,0,1,0.0,1.25,symbolic
600155,2024,12,5,4,1,0,0,0.3333333333333333,1.75,verifiable
600166,2024,1,0,0,0,0,1,0.0,1.0,symbolic
600170,2024,1,1,0,0,1,0,0.0,2.0,soft_substantive
600171,2024,1,0,0,0,0,1,0.0,1.0,symbolic
600178,2024,1,1,0,0,1,0,0.0,1.0,soft_substantive
600180,2024,1,1,0,0,1,0,0.0,1.0,soft_substantive
600182,2024,1,1,0,0,1,0,0.0,3.0,soft_substantive
600186,2024,4,0,0,0,0,1,0.0,1.25,symbolic
600196,2024,2,1,0,0,1,0,0.0,2.0,soft_substantive
600203,2024,2,2,1,1,0,0,0.5,1.5,verifiable
600208,2024,2,1,0,0,1,0,0.0,1.5,soft_substantive
600211,2024,1,0,0,0,0,1,0.0,2.0,symbolic
600212,2024,2,0,1,1,0,0,0.5,2.0,verifiable
600215,2024,2,2,0,0,1,0,0.0,1.0,soft_substantive
600228,2024,3,0,0,0,0,1,0.0,1.0,symbolic
600229,2024,5,1,2,1,0,0,0.4,1.8,verifiable
600246,2024,2,1,1,1,0,0,0.5,2.0,verifiable
600258,2024,2,1,1,1,0,0,0.5,2.0,verifiable
600261,2024,1,0,0,0,0,1,0.0,3.0,symbolic
600262,2024,1,0,0,0,0,1,0.0,2.0,symbolic
600271,2024,3,2,1,1,0,0,0.3333333333333333,1.6666666666666667,verifiable
600276,2024,5,1,0,0,1,0,0.0,0.6,soft_substantive
600282,2024,3,1,0,0,1,0,0.0,1.3333333333333333,soft_substantive
600289,2024,13,2,6,1,0,0,0.46153846153846156,1.6923076923076923,verifiable
600308,2024,1,0,0,0,0,1,0.0,1.0,symbolic
600309,2024,1,1,0,0,1,0,0.0,2.0,soft_substantive
600318,2024,2,2,2,1,0,0,1.0,3.5,verifiable
600336,2024,1,0,0,0,0,1,0.0,1.0,symbolic
600337,2024,4,2,1,1,0,0,0.25,1.5,verifiable
600339,2024,3,2,3,1,0,0,1.0,2.6666666666666665,verifiable
600340,2024,1,0,0,0,0,1,0.0,1.0,symbolic
600345,2024,6,2,1,1,0,0,0.16666666666666666,1.8333333333333333,verifiable
600353,2024,2,0,1,1,0,0,0.5,2.5,verifiable
600363,2024,2,0,0,0,0,1,0.0,2.0,symbolic
600373,2024,5,1,1,1,0,0,0.2,1.0,verifiable
600398,2024,1,1,1,1,0,0,1.0,2.0,verifiable
600400,2024,1,0,0,0,0,1,0.0,1.0,symbolic
600405,2024,1,1,1,1,0,0,1.0,2.0,verifiable
600406,2024,4,1,2,1,0,0,0.5,1.75,verifiable
600410,2024,8,3,1,1,0,0,0.125,1.875,verifiable
600415,2024,7,2,2,1,0,0,0.2857142857142857,1.7142857142857142,verifiable
600428,2024,2,0,1,1,0,0,0.5,1.5,verifiable
600446,2024,7,5,3,1,0,0,0.42857142857142855,1.5714285714285714,verifiable
600459,2024,1,0,0,0,0,1,0.0,1.0,symbolic
600470,2024,1,1,0,0,1,0,0.0,3.0,soft_substantive
600476,2024,3,0,1,1,0,0,0.3333333333333333,1.3333333333333333,verifiable
600487,2024,4,1,1,1,0,0,0.25,2.0,verifiable
600496,2024,1,0,1,1,0,0,1.0,3.0,verifiable
600498,2024,1,0,0,0,0,1,0.0,2.0,symbolic
600499,2024,1,0,0,0,0,1,0.0,2.0,symbolic
600513,2024,2,1,0,0,1,0,0.0,1.0,soft_substantive
600517,2024,1,0,0,0,0,1,0.0,1.0,symbolic
600522,2024,4,2,0,0,1,0,0.0,1.25,soft_substantive
600525,2024,1,0,0,0,0,1,0.0,1.0,symbolic
600536,2024,2,0,1,1,0,0,0.5,1.5,verifiable
600556,2024,16,1,0,0,1,0,0.0,1.4375,soft_substantive
600557,2024,1,0,0,0,0,1,0.0,1.0,symbolic
600562,2024,1,0,0,0,0,1,0.0,1.0,symbolic
600570,2024,13,4,1,1,0,0,0.07692307692307693,1.6923076923076923,verifiable
600571,2024,27,15,17,1,0,0,0.6296296296296297,2.0,verifiable
600576,2024,2,0,0,0,0,1,0.0,0.5,symbolic
600582,2024,2,1,0,0,1,0,0.0,1.5,soft_substantive
600584,2024,3,1,1,1,0,0,0.3333333333333333,1.3333333333333333,verifiable
600585,2024,2,0,0,0,0,1,0.0,1.0,symbolic
600588,2024,8,6,1,1,0,0,0.125,1.875,verifiable
600589,2024,2,0,0,0,0,1,0.0,1.5,symbolic
600590,2024,1,0,1,1,0,0,1.0,3.0,verifiable
600596,2024,1,0,0,0,0,1,0.0,1.0,symbolic
600597,2024,1,0,0,0,0,1,0.0,0.0,symbolic
600602,2024,5,2,2,1,0,0,0.4,2.0,verifiable
600604,2024,1,0,0,0,0,1,0.0,1.0,symbolic
600621,2024,1,0,0,0,0,1,0.0,1.0,symbolic
600630,2024,5,0,0,0,0,1,0.0,1.0,symbolic
600633,2024,10,4,1,1,0,0,0.1,1.4,verifiable
600636,2024,7,3,1,1,0,0,0.14285714285714285,1.4285714285714286,verifiable
600637,2024,7,3,1,1,0,0,0.14285714285714285,1.5714285714285714,verifiable
600638,2024,1,1,0,0,1,0,0.0,1.0,soft_substantive
600640,2024,16,6,5,1,0,0,0.3125,1.375,verifiable
600641,2024,3,1,0,0,1,0,0.0,1.0,soft_substantive
600654,2024,1,0,0,0,0,1,0.0,1.0,symbolic
600655,2024,1,0,1,1,0,0,1.0,3.0,verifiable
600658,2024,1,0,0,0,0,1,0.0,1.0,symbolic
600661,2024,2,0,0,0,0,1,0.0,1.0,symbolic
600662,2024,2,1,1,1,0,0,0.5,1.5,verifiable
600666,2024,10,3,3,1,0,0,0.3,1.9,verifiable
600667,2024,1,0,0,0,0,1,0.0,1.0,symbolic
600673,2024,1,0,0,0,0,1,0.0,1.0,symbolic
600678,2024,1,0,0,0,0,1,0.0,1.0,symbolic
600682,2024,1,0,0,0,0,1,0.0,1.0,symbolic
600690,2024,6,3,1,1,0,0,0.16666666666666666,1.5,verifiable
600693,2024,1,0,0,0,0,1,0.0,2.0,symbolic
600694,2024,1,1,1,1,0,0,1.0,3.0,verifiable
600698,2024,1,0,0,0,0,1,0.0,1.0,symbolic
600699,2024,4,3,0,0,1,0,0.0,1.75,soft_substantive
600718,2024,28,13,5,1,0,0,0.17857142857142858,1.6428571428571428,verifiable
600728,2024,31,11,9,1,0,0,0.2903225806451613,1.935483870967742,verifiable
600730,2024,6,3,1,1,0,0,0.16666666666666666,1.1666666666666667,verifiable
600733,2024,8,2,1,1,0,0,0.125,1.25,verifiable
600734,2024,7,3,3,1,0,0,0.42857142857142855,2.0,verifiable
600739,2024,1,0,1,1,0,0,1.0,2.0,verifiable
600742,2024,1,1,0,0,1,0,0.0,1.0,soft_substantive
600745,2024,4,1,1,1,0,0,0.25,1.0,verifiable
600749,2024,2,2,0,0,1,0,0.0,1.0,soft_substantive
600756,2024,16,3,8,1,0,0,0.5,1.9375,verifiable
600757,2024,1,0,0,0,0,1,0.0,1.0,symbolic
600763,2024,5,3,3,1,0,0,0.6,2.2,verifiable
600764,2024,1,0,1,1,0,0,1.0,2.0,verifiable
600770,2024,1,0,0,0,0,1,0.0,1.0,symbolic
600775,2024,4,0,1,1,0,0,0.25,1.5,verifiable
600776,2024,1,0,0,0,0,1,0.0,2.0,symbolic
600787,2024,2,1,1,1,0,0,0.5,2.0,verifiable
600795,2024,1,0,0,0,0,1,0.0,1.0,symbolic
600797,2024,25,7,7,1,0,0,0.28,1.6,verifiable
600803,2024,6,4,0,0,1,0,0.0,1.8333333333333333,soft_substantive
600804,2024,13,5,6,1,0,0,0.46153846153846156,1.9230769230769231,verifiable
600807,2024,1,0,0,0,0,1,0.0,0.0,symbolic
600820,2024,3,0,1,1,0,0,0.3333333333333333,1.3333333333333333,verifiable
600821,2024,5,2,4,1,0,0,0.8,2.0,verifiable
600825,2024,1,0,0,0,0,1,0.0,0.0,symbolic
600826,2024,2,1,0,0,1,0,0.0,1.5,soft_substantive
600828,2024,1,0,0,0,0,1,0.0,0.0,symbolic
600831,2024,2,1,1,1,0,0,0.5,2.0,verifiable
600839,2024,3,1,0,0,1,0,0.0,2.0,soft_substantive
600845,2024,11,6,2,1,0,0,0.18181818181818182,1.6363636363636365,verifiable
600848,2024,1,0,0,0,0,1,0.0,1.0,symbolic
600850,2024,9,4,2,1,0,0,0.2222222222222222,1.8888888888888888,verifiable
600861,2024,3,0,0,0,0,1,0.0,1.6666666666666667,symbolic
600869,2024,1,0,0,0,0,1,0.0,1.0,symbolic
600874,2024,1,1,0,0,1,0,0.0,2.0,soft_substantive
600880,2024,4,0,1,1,0,0,0.25,1.5,verifiable
600887,2024,2,0,1,1,0,0,0.5,1.0,verifiable
600895,2024,1,1,0,0,1,0,0.0,1.0,soft_substantive
600906,2024,3,1,1,1,0,0,0.3333333333333333,2.3333333333333335,verifiable
600909,2024,1,0,1,1,0,0,1.0,3.0,verifiable
600918,2024,3,0,1,1,0,0,0.3333333333333333,2.0,verifiable
600919,2024,2,1,0,0,1,0,0.0,1.5,soft_substantive
600926,2024,2,1,1,1,0,0,0.5,3.0,verifiable
600927,2024,1,0,0,0,0,1,0.0,0.0,symbolic
600936,2024,2,0,0,0,0,1,0.0,1.0,symbolic
600956,2024,1,0,0,0,0,1,0.0,1.0,symbolic
600958,2024,2,0,1,1,0,0,0.5,2.5,verifiable
600959,2024,1,0,0,0,0,1,0.0,1.0,symbolic
600960,2024,1,0,0,0,0,1,0.0,0.0,symbolic
600970,2024,1,0,0,0,0,1,0.0,0.0,symbolic
600986,2024,14,7,3,1,0,0,0.21428571428571427,1.5,verifiable
600995,2024,1,1,0,0,1,0,0.0,1.0,soft_substantive
600998,2024,16,11,6,1,0,0,0.375,2.375,verifiable
600999,2024,3,1,0,0,1,0,0.0,0.6666666666666666,soft_substantive
601009,2024,2,0,0,0,0,1,0.0,1.5,symbolic
601016,2024,3,2,1,1,0,0,0.3333333333333333,1.3333333333333333,verifiable
601019,2024,3,0,0,0,0,1,0.0,0.3333333333333333,symbolic
601021,2024,2,0,0,0,0,1,0.0,1.0,symbolic
601068,2024,4,2,1,1,0,0,0.25,2.25,verifiable
601077,2024,1,0,0,0,0,1,0.0,1.0,symbolic
601098,2024,1,0,0,0,0,1,0.0,0.0,symbolic
601099,2024,1,0,0,0,0,1,0.0,1.0,symbolic
601108,2024,2,1,2,1,0,0,1.0,2.5,verifiable
601126,2024,2,1,0,0,1,0,0.0,2.5,soft_substantive
601127,2024,6,1,1,1,0,0,0.16666666666666666,1.5,verifiable
601128,2024,2,0,2,1,0,0,1.0,3.0,verifiable
601137,2024,12,7,4,1,0,0,0.3333333333333333,1.6666666666666667,verifiable
601138,2024,11,2,0,0,1,0,0.0,1.0,soft_substantive
601155,2024,1,0,0,0,0,1,0.0,0.0,symbolic
601166,2024,4,3,3,1,0,0,0.75,2.75,verifiable
601169,2024,14,4,5,1,0,0,0.35714285714285715,1.6428571428571428,verifiable
601208,2024,6,1,2,1,0,0,0.3333333333333333,1.3333333333333333,verifiable
601211,2024,4,2,3,1,0,0,0.75,3.25,verifiable
601216,2024,1,0,0,0,0,1,0.0,1.0,symbolic
601229,2024,4,0,0,0,0,1,0.0,1.5,symbolic
601231,2024,5,2,1,1,0,0,0.2,1.2,verifiable
601238,2024,5,1,0,0,1,0,0.0,1.0,soft_substantive
601311,2024,1,1,1,1,0,0,1.0,2.0,verifiable
601318,2024,2,0,0,0,0,1,0.0,1.0,symbolic
601328,2024,1,1,1,1,0,0,1.0,3.0,verifiable
601330,2024,1,1,0,0,1,0,0.0,2.0,soft_substantive
601360,2024,51,11,8,1,0,0,0.1568627450980392,1.3333333333333333,verifiable
601377,2024,1,0,1,1,0,0,1.0,2.0,verifiable
601456,2024,1,1,1,1,0,0,1.0,3.0,verifiable
601500,2024,1,0,0,0,0,1,0.0,1.0,symbolic
601518,2024,1,1,0,0,1,0,0.0,1.0,soft_substantive
601519,2024,7,2,1,1,0,0,0.14285714285714285,1.5714285714285714,verifiable
601555,2024,2,2,2,1,0,0,1.0,3.0,verifiable
601577,2024,2,2,1,1,0,0,0.5,2.5,verifiable
601588,2024,1,0,0,0,0,1,0.0,1.0,symbolic
601595,2024,2,0,0,0,0,1,0.0,1.0,symbolic
601598,2024,3,2,2,1,0,0,0.6666666666666666,2.3333333333333335,verifiable
601599,2024,3,0,1,1,0,0,0.3333333333333333,1.3333333333333333,verifiable
601600,2024,1,1,0,0,1,0,0.0,1.0,soft_substantive
601609,2024,1,1,0,0,1,0,0.0,2.0,soft_substantive
601616,2024,2,0,0,0,0,1,0.0,1.5,symbolic
601628,2024,1,0,1,1,0,0,1.0,3.0,verifiable
601633,2024,4,2,2,1,0,0,0.5,1.75,verifiable
601677,2024,1,1,1,1,0,0,1.0,2.0,verifiable
601717,2024,1,1,0,0,1,0,0.0,2.0,soft_substantive
601728,2024,29,23,12,1,0,0,0.41379310344827586,2.1379310344827585,verifiable
601766,2024,1,1,0,0,1,0,0.0,2.0,soft_substantive
601777,2024,5,2,1,1,0,0,0.2,1.6,verifiable
601799,2024,1,0,0,0,0,1,0.0,1.0,symbolic
601800,2024,1,0,0,0,0,1,0.0,1.0,symbolic
601801,2024,4,1,1,1,0,0,0.25,1.75,verifiable
601811,2024,2,1,1,1,0,0,0.5,1.5,verifiable
601818,2024,5,2,3,1,0,0,0.6,2.2,verifiable
601825,2024,1,0,0,0,0,1,0.0,1.0,symbolic
601827,2024,1,0,0,0,0,1,0.0,2.0,symbolic
601828,2024,1,0,0,0,0,1,0.0,0.0,symbolic
601838,2024,1,0,0,0,0,1,0.0,2.0,symbolic
601858,2024,4,0,0,0,0,1,0.0,0.75,symbolic
601869,2024,3,0,0,0,0,1,0.0,1.0,symbolic
601872,2024,2,0,1,1,0,0,0.5,2.0,verifiable
601877,2024,3,1,0,0,1,0,0.0,1.6666666666666667,soft_substantive
601878,2024,1,0,1,1,0,0,1.0,3.0,verifiable
601881,2024,3,2,1,1,0,0,0.3333333333333333,1.6666666666666667,verifiable
601899,2024,1,0,0,0,0,1,0.0,1.0,symbolic
601900,2024,1,0,1,1,0,0,1.0,3.0,verifiable
601916,2024,1,0,0,0,0,1,0.0,1.0,symbolic
601921,2024,1,1,0,0,1,0,0.0,1.0,soft_substantive
601928,2024,2,2,0,0,1,0,0.0,1.5,soft_substantive
601929,2024,5,0,1,1,0,0,0.2,1.4,verifiable
601939,2024,16,6,5,1,0,0,0.3125,2.4375,verifiable
601949,2024,1,0,0,0,0,1,0.0,1.0,symbolic
601956,2024,1,0,0,0,0,1,0.0,1.0,symbolic
601963,2024,1,1,1,1,0,0,1.0,3.0,verifiable
601966,2024,1,1,0,0,1,0,0.0,1.0,soft_substantive
601985,2024,1,0,1,1,0,0,1.0,2.0,verifiable
601988,2024,1,0,0,0,0,1,0.0,2.0,symbolic
601992,2024,1,0,0,0,0,1,0.0,1.0,symbolic
601995,2024,1,0,0,0,0,1,0.0,1.0,symbolic
601998,2024,4,2,2,1,0,0,0.5,2.25,verifiable
601999,2024,1,0,0,0,0,1,0.0,1.0,symbolic
603000,2024,13,4,5,1,0,0,0.38461538461538464,1.5384615384615385,verifiable
603003,2024,2,1,1,1,0,0,0.5,2.0,verifiable
603004,2024,2,0,0,0,0,1,0.0,1.0,symbolic
603005,2024,3,1,0,0,1,0,0.0,1.3333333333333333,soft_substantive
603011,2024,1,1,0,0,1,0,0.0,2.0,soft_substantive
603012,2024,2,0,1,1,0,0,0.5,2.0,verifiable
603015,2024,2,0,1,1,0,0,0.5,1.5,verifiable
603017,2024,3,0,0,0,0,1,0.0,1.3333333333333333,symbolic
603018,2024,4,2,1,1,0,0,0.25,1.25,verifiable
603019,2024,4,3,0,0,1,0,0.0,1.25,soft_substantive
603031,2024,1,0,0,0,0,1,0.0,2.0,symbolic
603033,2024,1,0,0,0,0,1,0.0,1.0,symbolic
603039,2024,18,9,0,0,1,0,0.0,1.3888888888888888,soft_substantive
603058,2024,1,0,0,0,0,1,0.0,1.0,symbolic
603063,2024,1,0,0,0,0,1,0.0,1.0,symbolic
603066,2024,1,1,0,0,1,0,0.0,3.0,soft_substantive
603067,2024,1,0,0,0,0,1,0.0,1.0,symbolic
603068,2024,2,1,0,0,1,0,0.0,1.0,soft_substantive
603081,2024,2,2,0,0,1,0,0.0,0.5,soft_substantive
603082,2024,1,0,0,0,0,1,0.0,1.0,symbolic
603083,2024,3,2,0,0,1,0,0.0,1.3333333333333333,soft_substantive
603088,2024,1,0,0,0,0,1,0.0,1.0,symbolic
603096,2024,2,0,0,0,0,1,0.0,0.5,symbolic
603106,2024,3,2,0,0,1,0,0.0,1.6666666666666667,soft_substantive
603108,2024,11,5,5,1,0,0,0.45454545454545453,1.9090909090909092,verifiable
603110,2024,3,2,1,1,0,0,0.3333333333333333,2.0,verifiable
603112,2024,2,0,0,0,0,1,0.0,1.0,symbolic
603115,2024,1,0,0,0,0,1,0.0,2.0,symbolic
603116,2024,7,2,0,0,1,0,0.0,1.1428571428571428,soft_substantive
603118,2024,1,1,0,0,1,0,0.0,1.0,soft_substantive
603122,2024,2,0,0,0,0,1,0.0,1.0,symbolic
603123,2024,3,1,0,0,1,0,0.0,1.3333333333333333,soft_substantive
603128,2024,1,0,0,0,0,1,0.0,1.0,symbolic
603138,2024,3,1,1,1,0,0,0.3333333333333333,1.6666666666666667,verifiable
603150,2024,1,0,0,0,0,1,0.0,1.0,symbolic
603153,2024,1,0,0,0,0,1,0.0,1.0,symbolic
603160,2024,4,0,1,1,0,0,0.25,1.5,verifiable
603162,2024,6,0,2,1,0,0,0.3333333333333333,1.1666666666666667,verifiable
603163,2024,1,1,1,1,0,0,1.0,3.0,verifiable
603171,2024,17,6,0,0,1,0,0.0,1.5294117647058822,soft_substantive
603176,2024,1,0,0,0,0,1,0.0,1.0,symbolic
603180,2024,3,2,0,0,1,0,0.0,1.6666666666666667,soft_substantive
603189,2024,23,5,6,1,0,0,0.2608695652173913,1.3043478260869565,verifiable
603200,2024,2,0,0,0,0,1,0.0,1.0,symbolic
603203,2024,3,2,0,0,1,0,0.0,1.6666666666666667,soft_substantive
603206,2024,1,0,0,0,0,1,0.0,1.0,symbolic
603209,2024,1,1,0,0,1,0,0.0,1.0,soft_substantive
603215,2024,1,1,0,0,1,0,0.0,2.0,soft_substantive
603219,2024,1,1,0,0,1,0,0.0,1.0,soft_substantive
603220,2024,15,3,5,1,0,0,0.3333333333333333,1.9333333333333333,verifiable
603221,2024,1,0,1,1,0,0,1.0,3.0,verifiable
603223,2024,1,0,0,0,0,1,0.0,1.0,symbolic
603228,2024,2,0,2,1,0,0,1.0,2.5,verifiable
603232,2024,3,0,0,0,0,1,0.0,1.0,symbolic
603233,2024,3,1,1,1,0,0,0.3333333333333333,2.0,verifiable
603236,2024,14,6,3,1,0,0,0.21428571428571427,1.5714285714285714,verifiable
603239,2024,1,0,0,0,0,1,0.0,1.0,symbolic
603256,2024,1,0,0,0,0,1,0.0,1.0,symbolic
603258,2024,4,2,2,1,0,0,0.5,1.75,verifiable
603267,2024,1,0,1,1,0,0,1.0,2.0,verifiable
603280,2024,1,0,0,0,0,1,0.0,2.0,symbolic
603296,2024,5,1,1,1,0,0,0.2,1.6,verifiable
603300,2024,7,3,0,0,1,0,0.0,1.2857142857142858,soft_substantive
603316,2024,2,0,1,1,0,0,0.5,2.0,verifiable
603322,2024,8,1,2,1,0,0,0.25,1.375,verifiable
603323,2024,2,1,2,1,0,0,1.0,2.5,verifiable
603324,2024,2,0,0,0,0,1,0.0,0.5,symbolic
603326,2024,1,1,1,1,0,0,1.0,2.0,verifiable
603333,2024,2,1,0,0,1,0,0.0,1.0,soft_substantive
603341,2024,2,0,2,1,0,0,1.0,2.0,verifiable
603357,2024,6,4,1,1,0,0,0.16666666666666666,1.3333333333333333,verifiable
603365,2024,2,2,1,1,0,0,0.5,2.5,verifiable
603368,2024,2,0,0,0,0,1,0.0,1.0,symbolic
603378,2024,3,0,2,1,0,0,0.6666666666666666,1.6666666666666667,verifiable
603383,2024,2,0,0,0,0,1,0.0,1.0,symbolic
603386,2024,1,0,0,0,0,1,0.0,1.0,symbolic
603416,2024,1,0,0,0,0,1,0.0,0.0,symbolic
603444,2024,1,0,0,0,0,1,0.0,1.0,symbolic
603458,2024,1,1,0,0,1,0,0.0,1.0,soft_substantive
603466,2024,5,3,0,0,1,0,0.0,0.6,soft_substantive
603486,2024,4,1,0,0,1,0,0.0,1.5,soft_substantive
603488,2024,4,1,0,0,1,0,0.0,1.25,soft_substantive
603496,2024,30,2,3,1,0,0,0.1,1.0666666666666667,verifiable
603501,2024,2,1,0,0,1,0,0.0,1.5,soft_substantive
603515,2024,3,1,1,1,0,0,0.3333333333333333,1.3333333333333333,verifiable
603528,2024,3,1,1,1,0,0,0.3333333333333333,1.6666666666666667,verifiable
603529,2024,2,0,0,0,0,1,0.0,0.5,symbolic
603533,2024,4,0,0,0,0,1,0.0,1.25,symbolic
603535,2024,12,5,3,1,0,0,0.25,1.5833333333333333,verifiable
603569,2024,2,0,0,0,0,1,0.0,1.0,symbolic
603579,2024,4,1,0,0,1,0,0.0,1.5,soft_substantive
603589,2024,1,0,0,0,0,1,0.0,1.0,symbolic
603596,2024,1,0,0,0,0,1,0.0,1.0,symbolic
603598,2024,14,4,3,1,0,0,0.21428571428571427,1.5,verifiable
603602,2024,3,1,2,1,0,0,0.6666666666666666,2.0,verifiable
603608,2024,3,2,1,1,0,0,0.3333333333333333,2.0,verifiable
603610,2024,2,0,0,0,0,1,0.0,2.0,symbolic
603613,2024,1,1,0,0,1,0,0.0,1.0,soft_substantive
603629,2024,1,0,0,0,0,1,0.0,2.0,symbolic
603633,2024,4,0,1,1,0,0,0.25,1.25,verifiable
603636,2024,75,15,19,1,0,0,0.25333333333333335,1.68,verifiable
603638,2024,2,1,0,0,1,0,0.0,0.0,soft_substantive
603650,2024,1,0,0,0,0,1,0.0,1.0,symbolic
603659,2024,1,0,1,1,0,0,1.0,3.0,verifiable
603660,2024,29,7,7,1,0,0,0.2413793103448276,1.9310344827586208,verifiable
603666,2024,11,3,2,1,0,0,0.18181818181818182,1.2727272727272727,verifiable
603687,2024,2,1,1,1,0,0,0.5,2.0,verifiable
603690,2024,1,1,1,1,0,0,1.0,3.0,verifiable
603700,2024,3,1,1,1,0,0,0.3333333333333333,1.3333333333333333,verifiable
603713,2024,1,0,1,1,0,0,1.0,3.0,verifiable
603716,2024,5,1,0,0,1,0,0.0,1.6,soft_substantive
603719,2024,1,0,0,0,0,1,0.0,1.0,symbolic
603721,2024,7,3,1,1,0,0,0.14285714285714285,1.2857142857142858,verifiable
603727,2024,3,1,1,1,0,0,0.3333333333333333,2.3333333333333335,verifiable
603728,2024,2,1,0,0,1,0,0.0,1.5,soft_substantive
603738,2024,1,0,0,0,0,1,0.0,1.0,symbolic
603739,2024,1,0,0,0,0,1,0.0,1.0,symbolic
603776,2024,3,3,0,0,1,0,0.0,2.3333333333333335,soft_substantive
603777,2024,1,0,0,0,0,1,0.0,2.0,symbolic
603790,2024,2,1,0,0,1,0,0.0,2.0,soft_substantive
603803,2024,3,1,0,0,1,0,0.0,1.3333333333333333,soft_substantive
603806,2024,1,0,0,0,0,1,0.0,1.0,symbolic
603809,2024,1,0,0,0,0,1,0.0,1.0,symbolic
603811,2024,1,0,0,0,0,1,0.0,2.0,symbolic
603825,2024,5,1,0,0,1,0,0.0,1.2,soft_substantive
603833,2024,4,3,0,0,1,0,0.0,1.75,soft_substantive
603836,2024,2,1,1,1,0,0,0.5,1.5,verifiable
603843,2024,1,1,1,1,0,0,1.0,3.0,verifiable
603859,2024,4,1,2,1,0,0,0.5,1.75,verifiable
603861,2024,3,2,0,0,1,0,0.0,1.6666666666666667,soft_substantive
603868,2024,1,0,1,1,0,0,1.0,3.0,verifiable
603869,2024,18,7,6,1,0,0,0.3333333333333333,1.9444444444444444,verifiable
603881,2024,1,0,1,1,0,0,1.0,3.0,verifiable
603882,2024,15,3,5,1,0,0,0.3333333333333333,1.8666666666666667,verifiable
603887,2024,1,0,0,0,0,1,0.0,2.0,symbolic
603888,2024,9,5,4,1,0,0,0.4444444444444444,2.0,verifiable
603890,2024,1,0,0,0,0,1,0.0,1.0,symbolic
603893,2024,6,1,4,1,0,0,0.6666666666666666,1.6666666666666667,verifiable
603896,2024,1,0,0,0,0,1,0.0,1.0,symbolic
603900,2024,1,0,0,0,0,1,0.0,0.0,symbolic
603903,2024,1,0,0,0,0,1,0.0,1.0,symbolic
603906,2024,1,0,0,0,0,1,0.0,2.0,symbolic
603912,2024,2,0,0,0,0,1,0.0,0.5,symbolic
603918,2024,5,2,0,0,1,0,0.0,1.4,soft_substantive
603920,2024,7,1,0,0,1,0,0.0,1.2857142857142858,soft_substantive
603927,2024,41,5,10,1,0,0,0.24390243902439024,1.7560975609756098,verifiable
603933,2024,1,1,0,0,1,0,0.0,2.0,soft_substantive
603956,2024,3,2,2,1,0,0,0.6666666666666666,2.0,verifiable
603959,2024,2,1,1,1,0,0,0.5,2.0,verifiable
603960,2024,4,1,0,0,1,0,0.0,1.0,soft_substantive
603977,2024,1,0,0,0,0,1,0.0,2.0,symbolic
603983,2024,1,1,1,1,0,0,1.0,2.0,verifiable
603985,2024,1,0,0,0,0,1,0.0,1.0,symbolic
603990,2024,5,1,1,1,0,0,0.2,1.4,verifiable
603992,2024,3,2,0,0,1,0,0.0,1.3333333333333333,soft_substantive
603999,2024,2,0,0,0,0,1,0.0,0.5,symbolic
605005,2024,1,0,0,0,0,1,0.0,3.0,symbolic
605056,2024,3,0,0,0,0,1,0.0,1.3333333333333333,symbolic
605069,2024,13,8,1,1,0,0,0.07692307692307693,1.2307692307692308,verifiable
605098,2024,2,1,1,1,0,0,0.5,2.5,verifiable
605108,2024,1,1,1,1,0,0,1.0,2.0,verifiable
605111,2024,2,0,0,0,0,1,0.0,1.0,symbolic
605117,2024,1,1,0,0,1,0,0.0,2.0,soft_substantive
605168,2024,6,2,0,0,1,0,0.0,1.0,soft_substantive
605178,2024,1,0,0,0,0,1,0.0,0.0,symbolic
605186,2024,2,0,0,0,0,1,0.0,1.0,symbolic
605189,2024,1,0,0,0,0,1,0.0,1.0,symbolic
605196,2024,1,0,0,0,0,1,0.0,2.0,symbolic
605266,2024,3,0,2,1,0,0,0.6666666666666666,1.6666666666666667,verifiable
605277,2024,5,1,1,1,0,0,0.2,1.8,verifiable
605289,2024,2,0,1,1,0,0,0.5,1.5,verifiable
605299,2024,2,0,0,0,0,1,0.0,2.0,symbolic
605336,2024,1,0,0,0,0,1,0.0,1.0,symbolic
605358,2024,1,0,0,0,0,1,0.0,2.0,symbolic
605365,2024,3,0,0,0,0,1,0.0,1.6666666666666667,symbolic
605369,2024,1,0,0,0,0,1,0.0,1.0,symbolic
605388,2024,1,1,0,0,1,0,0.0,0.0,soft_substantive
605398,2024,17,2,2,1,0,0,0.11764705882352941,1.411764705882353,verifiable
605499,2024,4,1,1,1,0,0,0.25,1.0,verifiable
605577,2024,2,0,0,0,0,1,0.0,1.0,symbolic
688001,2024,1,1,0,0,1,0,0.0,1.0,soft_substantive
688003,2024,7,0,1,1,0,0,0.14285714285714285,1.1428571428571428,verifiable
688004,2024,31,9,6,1,0,0,0.1935483870967742,1.3225806451612903,verifiable
688005,2024,2,0,0,0,0,1,0.0,1.0,symbolic
688006,2024,1,1,0,0,1,0,0.0,1.0,soft_substantive
688007,2024,5,2,1,1,0,0,0.2,1.4,verifiable
688008,2024,2,0,0,0,0,1,0.0,1.0,symbolic
688009,2024,10,8,4,1,0,0,0.4,1.8,verifiable
688015,2024,1,0,0,0,0,1,0.0,1.0,symbolic
688017,2024,1,1,1,1,0,0,1.0,2.0,verifiable
688018,2024,12,2,3,1,0,0,0.25,1.5,verifiable
688020,2024,2,1,0,0,1,0,0.0,1.5,soft_substantive
688023,2024,65,30,23,1,0,0,0.35384615384615387,1.8307692307692307,verifiable
688029,2024,1,0,0,0,0,1,0.0,2.0,symbolic
688030,2024,10,4,1,1,0,0,0.1,1.6,verifiable
688031,2024,51,17,12,1,0,0,0.23529411764705882,1.5294117647058822,verifiable
688035,2024,3,1,0,0,1,0,0.0,1.3333333333333333,soft_substantive
688036,2024,25,7,2,1,0,0,0.08,1.12,verifiable
688037,2024,1,0,0,0,0,1,0.0,1.0,symbolic
688038,2024,22,5,6,1,0,0,0.2727272727272727,1.6363636363636365,verifiable
688039,2024,56,21,7,1,0,0,0.125,1.3928571428571428,verifiable
688041,2024,12,2,1,1,0,0,0.08333333333333333,1.0833333333333333,verifiable
688045,2024,3,2,1,1,0,0,0.3333333333333333,2.0,verifiable
688046,2024,2,0,0,0,0,1,0.0,2.0,symbolic
688047,2024,1,1,0,0,1,0,0.0,2.0,soft_substantive
688049,2024,11,2,2,1,0,0,0.18181818181818182,1.2727272727272727,verifiable
688051,2024,51,21,9,1,0,0,0.17647058823529413,1.4509803921568627,verifiable
688052,2024,1,0,0,0,0,1,0.0,1.0,symbolic
688053,2024,1,1,0,0,1,0,0.0,1.0,soft_substantive
688055,2024,2,0,0,0,0,1,0.0,0.5,symbolic
688056,2024,1,1,0,0,1,0,0.0,0.0,soft_substantive
688058,2024,35,6,10,1,0,0,0.2857142857142857,1.5714285714285714,verifiable
688065,2024,2,0,0,0,0,1,0.0,0.0,symbolic
688066,2024,13,8,1,1,0,0,0.07692307692307693,1.3846153846153846,verifiable
688067,2024,1,0,0,0,0,1,0.0,1.0,symbolic
688068,2024,2,1,0,0,1,0,0.0,1.0,soft_substantive
688069,2024,1,0,1,1,0,0,1.0,2.0,verifiable
688070,2024,8,2,2,1,0,0,0.25,1.375,verifiable
688071,2024,3,1,0,0,1,0,0.0,1.0,soft_substantive
688078,2024,28,12,4,1,0,0,0.14285714285714285,1.5,verifiable
688080,2024,6,0,1,1,0,0,0.16666666666666666,1.3333333333333333,verifiable
688081,2024,11,3,2,1,0,0,0.18181818181818182,1.5454545454545454,verifiable
688082,2024,1,0,0,0,0,1,0.0,1.0,symbolic
688083,2024,1,0,0,0,0,1,0.0,1.0,symbolic
688084,2024,4,0,1,1,0,0,0.25,1.25,verifiable
688088,2024,47,13,3,1,0,0,0.06382978723404255,1.1702127659574468,verifiable
688090,2024,5,1,0,0,1,0,0.0,0.8,soft_substantive
688092,2024,4,1,0,0,1,0,0.0,1.5,soft_substantive
688095,2024,8,4,1,1,0,0,0.125,1.0,verifiable
688096,2024,1,1,0,0,1,0,0.0,1.0,soft_substantive
688097,2024,2,2,1,1,0,0,0.5,2.0,verifiable
688099,2024,1,0,0,0,0,1,0.0,2.0,symbolic
688105,2024,2,2,1,1,0,0,0.5,2.5,verifiable
688107,2024,5,3,0,0,1,0,0.0,1.6,soft_substantive
688108,2024,1,0,0,0,0,1,0.0,1.0,symbolic
688109,2024,4,3,3,1,0,0,0.75,2.75,verifiable
688110,2024,2,0,0,0,0,1,0.0,1.5,symbolic
688111,2024,13,11,1,1,0,0,0.07692307692307693,1.3076923076923077,verifiable
688114,2024,6,5,1,1,0,0,0.16666666666666666,1.1666666666666667,verifiable
688118,2024,13,3,1,1,0,0,0.07692307692307693,1.3076923076923077,verifiable
688119,2024,1,1,0,0,1,0,0.0,3.0,soft_substantive
688120,2024,3,0,0,0,0,1,0.0,1.0,symbolic
688125,2024,4,1,0,0,1,0,0.0,1.25,soft_substantive
688127,2024,2,1,0,0,1,0,0.0,1.5,soft_substantive
688128,2024,3,0,0,0,0,1,0.0,0.0,symbolic
688130,2024,1,1,0,0,1,0,0.0,1.0,soft_substantive
688131,2024,1,0,0,0,0,1,0.0,2.0,symbolic
688132,2024,17,7,3,1,0,0,0.17647058823529413,1.3529411764705883,verifiable
688135,2024,1,0,0,0,0,1,0.0,2.0,symbolic
688136,2024,1,0,0,0,0,1,0.0,1.0,symbolic
688137,2024,1,0,0,0,0,1,0.0,0.0,symbolic
688138,2024,1,0,0,0,0,1,0.0,0.0,symbolic
688139,2024,5,4,1,1,0,0,0.2,1.6,verifiable
688141,2024,1,0,0,0,0,1,0.0,0.0,symbolic
688143,2024,2,1,1,1,0,0,0.5,1.5,verifiable
688152,2024,8,5,4,1,0,0,0.5,2.0,verifiable
688153,2024,2,0,0,0,0,1,0.0,0.0,symbolic
688156,2024,1,1,1,1,0,0,1.0,3.0,verifiable
688158,2024,35,14,10,1,0,0,0.2857142857142857,1.7714285714285714,verifiable
688159,2024,2,0,0,0,0,1,0.0,1.0,symbolic
688161,2024,1,0,0,0,0,1,0.0,1.0,symbolic
688162,2024,2,1,1,1,0,0,0.5,1.5,verifiable
688165,2024,5,0,0,0,0,1,0.0,1.4,symbolic
688167,2024,1,1,0,0,1,0,0.0,2.0,soft_substantive
688168,2024,22,7,7,1,0,0,0.3181818181818182,1.5,verifiable
688169,2024,8,7,0,0,1,0,0.0,1.25,soft_substantive
688171,2024,9,7,4,1,0,0,0.4444444444444444,2.0,verifiable
688175,2024,10,2,3,1,0,0,0.3,1.5,verifiable
688176,2024,1,0,0,0,0,1,0.0,1.0,symbolic
688187,2024,2,1,1,1,0,0,0.5,2.5,verifiable
688190,2024,1,0,0,0,0,1,0.0,2.0,symbolic
688191,2024,27,15,9,1,0,0,0.3333333333333333,1.4444444444444444,verifiable
688195,2024,8,0,0,0,0,1,0.0,1.125,symbolic
688197,2024,2,0,0,0,0,1,0.0,0.5,symbolic
688200,2024,1,1,0,0,1,0,0.0,1.0,soft_substantive
688201,2024,1,1,0,0,1,0,0.0,1.0,soft_substantive
688202,2024,3,0,0,0,0,1,0.0,1.0,symbolic
688205,2024,4,0,0,0,0,1,0.0,1.25,symbolic
688206,2024,2,0,0,0,0,1,0.0,1.5,symbolic
688207,2024,53,30,13,1,0,0,0.24528301886792453,1.849056603773585,verifiable
688208,2024,41,19,8,1,0,0,0.1951219512195122,1.4878048780487805,verifiable
688209,2024,2,0,0,0,0,1,0.0,1.0,symbolic
688210,2024,3,0,0,0,0,1,0.0,1.0,symbolic
688211,2024,2,1,0,0,1,0,0.0,0.5,soft_substantive
688215,2024,7,1,0,0,1,0,0.0,1.7142857142857142,soft_substantive
688217,2024,4,1,0,0,1,0,0.0,1.0,soft_substantive
688218,2024,7,2,0,0,1,0,0.0,1.0,soft_substantive
688220,2024,6,2,0,0,1,0,0.0,0.8333333333333334,soft_substantive
688221,2024,2,1,0,0,1,0,0.0,0.0,soft_substantive
688222,2024,5,0,0,0,0,1,0.0,1.4,symbolic
688223,2024,1,1,0,0,1,0,0.0,2.0,soft_substantive
688225,2024,82,33,23,1,0,0,0.2804878048780488,1.524390243902439,verifiable
688227,2024,11,2,1,1,0,0,0.09090909090909091,1.2727272727272727,verifiable
688228,2024,194,57,36,1,0,0,0.18556701030927836,1.5360824742268042,verifiable
688229,2024,15,6,3,1,0,0,0.2,1.4,verifiable
688230,2024,3,0,0,0,0,1,0.0,0.6666666666666666,symbolic
688232,2024,53,25,20,1,0,0,0.37735849056603776,1.6415094339622642,verifiable
688233,2024,3,0,0,0,0,1,0.0,1.3333333333333333,symbolic
688234,2024,1,0,0,0,0,1,0.0,1.0,symbolic
688235,2024,1,0,0,0,0,1,0.0,1.0,symbolic
688244,2024,41,15,22,1,0,0,0.5365853658536586,1.951219512195122,verifiable
688246,2024,21,7,4,1,0,0,0.19047619047619047,1.6666666666666667,verifiable
688248,2024,8,4,2,1,0,0,0.25,1.25,verifiable
688249,2024,2,0,0,0,0,1,0.0,0.0,symbolic
688255,2024,1,0,0,0,0,1,0.0,1.0,symbolic
688256,2024,31,4,5,1,0,0,0.16129032258064516,1.6129032258064515,verifiable
688258,2024,15,7,2,1,0,0,0.13333333333333333,1.4666666666666666,verifiable
688261,2024,1,0,0,0,0,1,0.0,1.0,symbolic
688268,2024,3,0,0,0,0,1,0.0,1.0,symbolic
688271,2024,2,1,0,0,1,0,0.0,1.0,soft_substantive
688273,2024,4,1,2,1,0,0,0.5,2.25,verifiable
688275,2024,1,0,0,0,0,1,0.0,0.0,symbolic
688286,2024,1,0,0,0,0,1,0.0,2.0,symbolic
688287,2024,1,0,0,0,0,1,0.0,1.0,symbolic
688288,2024,3,1,0,0,1,0,0.0,1.3333333333333333,soft_substantive
688290,2024,6,3,0,0,1,0,0.0,0.8333333333333334,soft_substantive
688292,2024,23,8,4,1,0,0,0.17391304347826086,1.434782608695652,verifiable
688296,2024,27,7,8,1,0,0,0.2962962962962963,1.9259259259259258,verifiable
688297,2024,1,1,0,0,1,0,0.0,1.0,soft_substantive
688298,2024,1,0,0,0,0,1,0.0,1.0,symbolic
688300,2024,1,1,0,0,1,0,0.0,1.0,soft_substantive
688301,2024,1,0,0,0,0,1,0.0,2.0,symbolic
688305,2024,4,2,3,1,0,0,0.75,2.25,verifiable
688306,2024,15,9,6,1,0,0,0.4,1.7333333333333334,verifiable
688312,2024,1,0,0,0,0,1,0.0,1.0,symbolic
688313,2024,2,0,0,0,0,1,0.0,1.0,symbolic
688316,2024,31,7,9,1,0,0,0.2903225806451613,1.6451612903225807,verifiable
688317,2024,1,1,0,0,1,0,0.0,1.0,soft_substantive
688318,2024,9,3,2,1,0,0,0.2222222222222222,1.6666666666666667,verifiable
688321,2024,3,1,0,0,1,0,0.0,1.6666666666666667,soft_substantive
688322,2024,9,2,2,1,0,0,0.2222222222222222,1.3333333333333333,verifiable
688325,2024,1,1,0,0,1,0,0.0,2.0,soft_substantive
688326,2024,2,1,0,0,1,0,0.0,2.0,soft_substantive
688327,2024,84,26,12,1,0,0,0.14285714285714285,1.5714285714285714,verifiable
688331,2024,1,0,0,0,0,1,0.0,0.0,symbolic
688332,2024,11,3,1,1,0,0,0.09090909090909091,1.3636363636363635,verifiable
688337,2024,2,0,0,0,0,1,0.0,0.5,symbolic
688338,2024,1,1,0,0,1,0,0.0,0.0,soft_substantive
688343,2024,94,47,36,1,0,0,0.3829787234042553,1.797872340425532,verifiable
688345,2024,1,0,0,0,0,1,0.0,2.0,symbolic
688348,2024,2,0,0,0,0,1,0.0,1.5,symbolic
688349,2024,3,1,1,1,0,0,0.3333333333333333,1.3333333333333333,verifiable
688355,2024,2,0,0,0,0,1,0.0,0.0,symbolic
688358,2024,2,2,2,1,0,0,1.0,4.0,verifiable
688360,2024,7,4,1,1,0,0,0.14285714285714285,1.7142857142857142,verifiable
688361,2024,1,1,0,0,1,0,0.0,1.0,soft_substantive
688362,2024,2,0,0,0,0,1,0.0,1.0,symbolic
688365,2024,7,5,1,1,0,0,0.14285714285714285,1.5714285714285714,verifiable
688367,2024,4,1,1,1,0,0,0.25,1.5,verifiable
688368,2024,2,0,0,0,0,1,0.0,1.0,symbolic
688369,2024,39,17,12,1,0,0,0.3076923076923077,1.7435897435897436,verifiable
688371,2024,3,1,2,1,0,0,0.6666666666666666,2.0,verifiable
688376,2024,2,1,0,0,1,0,0.0,1.5,soft_substantive
688378,2024,2,0,0,0,0,1,0.0,0.0,symbolic
688381,2024,4,2,0,0,1,0,0.0,1.0,soft_substantive
688383,2024,1,0,0,0,0,1,0.0,1.0,symbolic
688387,2024,3,3,1,1,0,0,0.3333333333333333,2.3333333333333335,verifiable
688388,2024,1,1,0,0,1,0,0.0,1.0,soft_substantive
688389,2024,2,0,2,1,0,0,1.0,3.0,verifiable
688390,2024,2,1,1,1,0,0,0.5,3.0,verifiable
688393,2024,1,0,0,0,0,1,0.0,1.0,symbolic
688399,2024,1,1,0,0,1,0,0.0,1.0,soft_substantive
688400,2024,11,5,1,1,0,0,0.09090909090909091,1.2727272727272727,verifiable
688401,2024,3,2,0,0,1,0,0.0,1.6666666666666667,soft_substantive
688408,2024,1,1,1,1,0,0,1.0,2.0,verifiable
688411,2024,1,0,1,1,0,0,1.0,2.0,verifiable
688416,2024,11,3,4,1,0,0,0.36363636363636365,1.2727272727272727,verifiable
688418,2024,2,1,0,0,1,0,0.0,1.5,soft_substantive
688420,2024,21,13,4,1,0,0,0.19047619047619047,1.7142857142857142,verifiable
688425,2024,2,2,2,1,0,0,1.0,2.5,verifiable
688432,2024,1,0,0,0,0,1,0.0,1.0,symbolic
688433,2024,1,1,0,0,1,0,0.0,1.0,soft_substantive
688435,2024,1,1,1,1,0,0,1.0,3.0,verifiable
688439,2024,4,2,0,0,1,0,0.0,1.0,soft_substantive
688449,2024,3,1,0,0,1,0,0.0,1.0,soft_substantive
688450,2024,7,4,1,1,0,0,0.14285714285714285,1.2857142857142858,verifiable
688455,2024,3,1,0,0,1,0,0.0,1.0,soft_substantive
688458,2024,4,1,0,0,1,0,0.0,1.0,soft_substantive
688459,2024,1,0,1,1,0,0,1.0,4.0,verifiable
688466,2024,33,13,5,1,0,0,0.15151515151515152,1.4848484848484849,verifiable
688469,2024,3,0,0,0,0,1,0.0,1.3333333333333333,symbolic
688472,2024,4,2,2,1,0,0,0.5,2.0,verifiable
688475,2024,39,17,7,1,0,0,0.1794871794871795,1.4615384615384615,verifiable
688478,2024,1,0,0,0,0,1,0.0,2.0,symbolic
688479,2024,6,2,0,0,1,0,0.0,1.8333333333333333,soft_substantive
688484,2024,4,3,1,1,0,0,0.25,1.5,verifiable
688485,2024,4,2,0,0,1,0,0.0,1.25,soft_substantive
688489,2024,2,0,0,0,0,1,0.0,1.0,symbolic
688499,2024,1,1,0,0,1,0,0.0,0.0,soft_substantive
688500,2024,42,17,10,1,0,0,0.23809523809523808,1.9047619047619047,verifiable
688501,2024,1,1,0,0,1,0,0.0,0.0,soft_substantive
688503,2024,2,1,1,1,0,0,0.5,3.0,verifiable
688507,2024,10,5,1,1,0,0,0.1,1.1,verifiable
688508,2024,1,1,1,1,0,0,1.0,3.0,verifiable
688509,2024,6,2,0,0,1,0,0.0,1.5,soft_substantive
688513,2024,2,1,2,1,0,0,1.0,2.5,verifiable
688515,2024,2,1,0,0,1,0,0.0,1.5,soft_substantive
688520,2024,2,0,0,0,0,1,0.0,0.5,symbolic
688521,2024,55,12,13,1,0,0,0.23636363636363636,1.690909090909091,verifiable
688522,2024,1,1,0,0,1,0,0.0,1.0,soft_substantive
688525,2024,19,11,8,1,0,0,0.42105263157894735,1.631578947368421,verifiable
688526,2024,1,0,0,0,0,1,0.0,1.0,symbolic
688528,2024,1,0,0,0,0,1,0.0,1.0,symbolic
688529,2024,2,0,0,0,0,1,0.0,1.5,symbolic
688531,2024,4,3,1,1,0,0,0.25,1.25,verifiable
688533,2024,1,0,0,0,0,1,0.0,1.0,symbolic
688535,2024,1,0,0,0,0,1,0.0,1.0,symbolic
688536,2024,3,1,1,1,0,0,0.3333333333333333,1.6666666666666667,verifiable
688538,2024,1,0,0,0,0,1,0.0,3.0,symbolic
688549,2024,1,1,0,0,1,0,0.0,2.0,soft_substantive
688556,2024,3,0,1,1,0,0,0.3333333333333333,2.0,verifiable
688557,2024,2,0,1,1,0,0,0.5,2.0,verifiable
688559,2024,1,0,0,0,0,1,0.0,1.0,symbolic
688561,2024,29,11,8,1,0,0,0.27586206896551724,2.103448275862069,verifiable
688562,2024,5,2,0,0,1,0,0.0,1.2,soft_substantive
688565,2024,3,1,0,0,1,0,0.0,1.0,soft_substantive
688568,2024,17,8,3,1,0,0,0.17647058823529413,1.3529411764705883,verifiable
688577,2024,1,1,0,0,1,0,0.0,2.0,soft_substantive
688579,2024,32,21,7,1,0,0,0.21875,1.40625,verifiable
688580,2024,1,0,0,0,0,1,0.0,0.0,symbolic
688583,2024,3,2,0,0,1,0,0.0,1.0,soft_substantive
688588,2024,39,17,6,1,0,0,0.15384615384615385,1.358974358974359,verifiable
688589,2024,4,0,0,0,0,1,0.0,1.25,symbolic
688590,2024,36,15,10,1,0,0,0.2777777777777778,1.8055555555555556,verifiable
688591,2024,4,2,0,0,1,0,0.0,1.5,soft_substantive
688592,2024,1,0,0,0,0,1,0.0,1.0,symbolic
688595,2024,10,6,0,0,1,0,0.0,1.3,soft_substantive
688596,2024,1,0,0,0,0,1,0.0,1.0,symbolic
688597,2024,9,5,3,1,0,0,0.3333333333333333,1.6666666666666667,verifiable
688598,2024,1,0,0,0,0,1,0.0,2.0,symbolic
688601,2024,1,1,0,0,1,0,0.0,1.0,soft_substantive
688606,2024,1,0,0,0,0,1,0.0,0.0,symbolic
688609,2024,14,3,1,1,0,0,0.07142857142857142,1.3571428571428572,verifiable
688610,2024,3,2,0,0,1,0,0.0,1.0,soft_substantive
688612,2024,1,1,0,0,1,0,0.0,1.0,soft_substantive
688615,2024,21,3,2,1,0,0,0.09523809523809523,1.2857142857142858,verifiable
688618,2024,4,1,0,0,1,0,0.0,1.25,soft_substantive
688619,2024,50,15,14,1,0,0,0.28,1.66,verifiable
688620,2024,16,2,8,1,0,0,0.5,2.0,verifiable
688621,2024,5,0,0,0,0,1,0.0,2.2,symbolic
688623,2024,4,2,0,0,1,0,0.0,1.5,soft_substantive
688626,2024,3,2,0,0,1,0,0.0,1.6666666666666667,soft_substantive
688627,2024,5,3,0,0,1,0,0.0,1.0,soft_substantive
688628,2024,1,0,0,0,0,1,0.0,2.0,symbolic
688629,2024,1,1,0,0,1,0,0.0,2.0,soft_substantive
688630,2024,1,0,0,0,0,1,0.0,1.0,symbolic
688631,2024,5,1,1,1,0,0,0.2,1.2,verifiable
688646,2024,2,1,0,0,1,0,0.0,1.0,soft_substantive
688648,2024,3,1,1,1,0,0,0.3333333333333333,1.3333333333333333,verifiable
688651,2024,2,1,0,0,1,0,0.0,1.0,soft_substantive
688655,2024,4,4,2,1,0,0,0.5,1.75,verifiable
688657,2024,3,2,2,1,0,0,0.6666666666666666,2.3333333333333335,verifiable
688658,2024,4,0,0,0,0,1,0.0,1.0,symbolic
688659,2024,1,0,0,0,0,1,0.0,0.0,symbolic
688660,2024,1,0,0,0,0,1,0.0,2.0,symbolic
688667,2024,1,0,0,0,0,1,0.0,0.0,symbolic
688668,2024,1,0,0,0,0,1,0.0,1.0,symbolic
688671,2024,3,1,0,0,1,0,0.0,0.3333333333333333,soft_substantive
688676,2024,4,3,1,1,0,0,0.25,1.75,verifiable
688678,2024,3,0,0,0,0,1,0.0,1.3333333333333333,symbolic
688681,2024,1,0,0,0,0,1,0.0,1.0,symbolic
688683,2024,2,0,0,0,0,1,0.0,0.5,symbolic
688685,2024,1,0,0,0,0,1,0.0,1.0,symbolic
688686,2024,17,5,1,1,0,0,0.058823529411764705,1.2352941176470589,verifiable
688691,2024,3,0,1,1,0,0,0.3333333333333333,1.6666666666666667,verifiable
688692,2024,5,1,0,0,1,0,0.0,0.8,soft_substantive
688693,2024,1,1,1,1,0,0,1.0,3.0,verifiable
688695,2024,5,2,1,1,0,0,0.2,1.4,verifiable
688698,2024,2,2,0,0,1,0,0.0,1.0,soft_substantive
688699,2024,2,0,0,0,0,1,0.0,1.0,symbolic
688701,2024,1,1,0,0,1,0,0.0,0.0,soft_substantive
688702,2024,2,0,1,1,0,0,0.5,1.5,verifiable
688709,2024,1,0,0,0,0,1,0.0,2.0,symbolic
688719,2024,1,1,0,0,1,0,0.0,1.0,soft_substantive
688721,2024,1,1,0,0,1,0,0.0,3.0,soft_substantive
688739,2024,1,0,1,1,0,0,1.0,2.0,verifiable
688766,2024,1,0,0,0,0,1,0.0,1.0,symbolic
688768,2024,5,5,2,1,0,0,0.4,2.0,verifiable
688772,2024,3,0,1,1,0,0,0.3333333333333333,1.6666666666666667,verifiable
688777,2024,60,22,6,1,0,0,0.1,1.4166666666666667,verifiable
688787,2024,56,17,17,1,0,0,0.30357142857142855,1.7857142857142858,verifiable
688788,2024,4,2,1,1,0,0,0.25,1.5,verifiable
688793,2024,1,0,0,0,0,1,0.0,2.0,symbolic
688798,2024,3,0,1,1,0,0,0.3333333333333333,1.3333333333333333,verifiable
688800,2024,3,0,0,0,0,1,0.0,1.0,symbolic
830879,2024,1,1,1,1,0,0,1.0,3.0,verifiable
831039,2024,1,0,0,0,0,1,0.0,1.0,symbolic
831396,2024,1,0,0,0,0,1,0.0,2.0,symbolic
831832,2024,4,0,1,1,0,0,0.25,1.5,verifiable
832149,2024,1,1,0,0,1,0,0.0,1.0,soft_substantive
832171,2024,4,1,2,1,0,0,0.5,1.75,verifiable
832491,2024,1,0,0,0,0,1,0.0,1.0,symbolic
832662,2024,1,0,0,0,0,1,0.0,2.0,symbolic
832876,2024,2,0,0,0,0,1,0.0,1.0,symbolic
833030,2024,1,0,0,0,0,1,0.0,1.0,symbolic
833075,2024,2,1,1,1,0,0,0.5,2.0,verifiable
833914,2024,1,0,0,0,0,1,0.0,1.0,symbolic
834021,2024,18,11,5,1,0,0,0.2777777777777778,1.6666666666666667,verifiable
834415,2024,7,4,2,1,0,0,0.2857142857142857,1.5714285714285714,verifiable
835184,2024,1,0,0,0,0,1,0.0,1.0,symbolic
835207,2024,12,7,2,1,0,0,0.16666666666666666,1.5833333333333333,verifiable
835305,2024,30,6,7,1,0,0,0.23333333333333334,1.5333333333333334,verifiable
835640,2024,2,0,0,0,0,1,0.0,1.5,symbolic
836149,2024,1,1,0,0,1,0,0.0,1.0,soft_substantive
836208,2024,1,0,0,0,0,1,0.0,1.0,symbolic
836263,2024,2,1,0,0,1,0,0.0,1.5,soft_substantive
836395,2024,2,0,0,0,0,1,0.0,2.5,symbolic
836826,2024,7,4,0,0,1,0,0.0,1.4285714285714286,soft_substantive
836892,2024,2,1,1,1,0,0,0.5,2.0,verifiable
836961,2024,2,2,2,1,0,0,1.0,2.5,verifiable
837023,2024,1,0,0,0,0,1,0.0,2.0,symbolic
837092,2024,7,2,0,0,1,0,0.0,1.1428571428571428,soft_substantive
837344,2024,4,0,0,0,0,1,0.0,1.0,symbolic
837592,2024,19,5,6,1,0,0,0.3157894736842105,1.631578947368421,verifiable
837663,2024,1,0,0,0,0,1,0.0,1.0,symbolic
837748,2024,3,1,0,0,1,0,0.0,1.6666666666666667,soft_substantive
837821,2024,2,0,0,0,0,1,0.0,1.0,symbolic
838030,2024,1,1,0,0,1,0,0.0,2.0,soft_substantive
838227,2024,4,0,0,0,0,1,0.0,0.75,symbolic
838262,2024,1,0,0,0,0,1,0.0,2.0,symbolic
838924,2024,7,3,1,1,0,0,0.14285714285714285,1.4285714285714286,verifiable
839493,2024,7,0,0,0,0,1,0.0,1.1428571428571428,symbolic
839790,2024,6,1,0,0,1,0,0.0,1.0,soft_substantive
870357,2024,3,3,0,0,1,0,0.0,2.0,soft_substantive
870436,2024,1,0,0,0,0,1,0.0,1.0,symbolic
870976,2024,2,1,0,0,1,0,0.0,1.0,soft_substantive
871857,2024,1,0,0,0,0,1,0.0,1.0,symbolic
872190,2024,4,0,0,0,0,1,0.0,1.0,symbolic
872392,2024,1,1,1,1,0,0,1.0,3.0,verifiable
872808,2024,4,1,1,1,0,0,0.25,1.75,verifiable
872925,2024,1,0,1,1,0,0,1.0,2.0,verifiable
873167,2024,1,0,0,0,0,1,0.0,2.0,symbolic
873223,2024,1,1,0,0,1,0,0.0,2.0,soft_substantive
873706,2024,1,1,1,1,0,0,1.0,3.0,verifiable
873806,2024,4,1,0,0,1,0,0.0,1.25,soft_substantive
